ID,Credit_Score
0x1c2a8,0
0x20a90,0
0x1e9a4,0
0x1a22,1
0x218ce,0
0x1d412,-1
0x16ba6,0
0x21c98,-1
0x18e4b,0
0x1e23f,0
0x103c2,-1
0x1a42d,0
0x1012f,0
0xa548,-1
0x25cb1,0
0x184c8,-1
0x13364,-1
0x23491,-1
0xff4e,0
0x785b,0
0x25308,0
0x25d04,0
0xf87c,0
0x1381f,0
0xd514,0
0xbd38,0
0x15fcc,0
0x1d63a,0
0x131f5,0
0x12766,1
0x18c7,0
0xa332,0
0x21b35,-1
0x9dbc,-1
0x1ee6a,0
0xb9d0,0
0x1c3b8,0
0xa65b,0
0x189bc,0
0x1dc2e,0
0x13bea,-1
0x113ad,0
0x1ef7e,0
0x1f224,0
0xdec7,0
0xecfb,-1
0xaac2,0
0x21ddd,1
0x1f9af,0
0x15980,-1
0x852d,0
0x1abd5,-1
0x16a46,0
0x191e3,-1
0x16f4b,0
0x1ff2b,0
0xcbb5,0
0x255c1,0
0x139f7,0
0x179d7,-1
0xbfc3,0
0x17538,0
0x22e5a,0
0x123fd,0
0x4032,1
0x1ae04,0
0x11640,-1
0x816b,0
0x1314d,0
0x25013,0
0x1d7be,-1
0x1e397,0
0x24f5e,-1
0x12740,0
0x23d5f,0
0x232c3,0
0xf3bb,0
0x543d,-1
0x21bd0,0
0xdb08,0
0x195bf,1
0x8747,0
0x21fa4,0
0x25dd7,0
0xc7e8,0
0x224f4,0
0x1a63a,0
0x1c761,1
0x2e4a,0
0x1f598,0
0x7fa3,1
0x22d71,-1
0x1f042,1
0xaa71,0
0x13a35,0
0x12f83,-1
0x1e03d,0
0x5a2b,0
0x1326d,0
0x19e2d,-1
0xa898,0
0x10400,0
0x252df,-1
0x1b3f7,0
0x21cfb,0
0x14e96,0
0xedcc,-1
0x2e21,-1
0x13782,0
0x1fba7,-1
0x23b5d,1
0x1dc4a,0
0x6045,0
0x14986,-1
0x1eeb9,0
0x8a12,0
0xc7df,0
0x12271,0
0x167be,0
0x1a2dd,0
0x1d31d,0
0x187a1,0
0x16ba7,0
0x1c4d9,0
0x1ae62,0
0x1c8e5,0
0x79af,0
0x154d0,1
0x14076,0
0x6d33,0
0x111f1,-1
0x20571,0
0xd897,0
0x1f68,0
0x3853,-1
0x2600,0
0xf77f,-1
0x2495b,0
0xc44e,-1
0x1118d,0
0x320b,0
0x8fcb,0
0x20f3,0
0xa279,0
0x250c5,-1
0xcc50,-1
0x24e54,0
0xd00e,-1
0x1a690,1
0x1fa7c,0
0x9075,0
0xd0c3,0
0x1395a,0
0x19a48,-1
0x1e0c6,0
0x1c5ed,0
0x20f1b,0
0x25310,-1
0x24fd5,0
0xd6ac,0
0x14a12,0
0x1b0a3,0
0x8f79,0
0xc374,0
0x13a6f,-1
0x47a7,0
0x24847,0
0x1be62,0
0xbd47,0
0x19a9a,0
0x446a,1
0x18af5,-1
0x18c85,0
0x1406a,0
0x1a3db,0
0x1f0f2,0
0x1944b,0
0xca40,0
0x1fd3,0
0x71da,1
0x176e6,0
0x19ce7,0
0x113ac,0
0x19e51,0
0x1d356,0
0x197dd,-1
0x11f3e,0
0x10cec,-1
0x20b07,0
0xf829,-1
0x12d41,1
0x571e,-1
0x1410d,0
0x1c723,0
0x125b7,0
0x20029,0
0x184ad,1
0xff13,0
0x6944,0
0x11840,0
0x50ac,-1
0x5e9e,0
0x12b7d,0
0x116d7,-1
0x1c945,0
0x1718a,0
0xbd4f,-1
0x9fcc,1
0x7792,0
0x242f4,-1
0xaef1,0
0x12114,0
0x5b7a,0
0x86f3,-1
0x1eb35,0
0x1e78c,0
0x25b20,0
0x3984,0
0x13f20,-1
0x1bfbc,0
0x2379b,-1
0x22e82,-1
0x2036e,1
0x1b982,0
0x1ce8f,0
0x3afe,0
0x2544c,0
0xd88c,0
0x248a1,0
0x4907,0
0x1755c,0
0xd1b9,0
0x1eadd,-1
0x907e,0
0x209cc,0
0x9768,0
0x16c28,0
0xdba3,0
0x6b79,0
0x13995,0
0x165cc,0
0x2e04,0
0x2028,0
0x83f1,0
0x24bb8,0
0x12ba7,0
0x8305,0
0x5bf8,0
0x1b1d3,0
0xbb50,0
0x20d66,0
0x296b,0
0x15168,-1
0x1d212,0
0xb48a,0
0x14e64,0
0x1c192,0
0x15c69,0
0x1d977,1
0x1e66b,-1
0x130c3,-1
0x119ac,1
0x11f89,0
0xc653,0
0x17856,0
0xba37,0
0x17713,0
0x21f48,0
0x10971,0
0x14ec6,0
0x159ef,0
0x12920,0
0xff45,-1
0x10c57,0
0x80da,1
0x4df3,0
0x10c71,-1
0xa633,0
0x1aa48,-1
0x217d1,0
0x20fb6,0
0x25230,1
0x26fd,-1
0xe52a,-1
0xae76,0
0x7f7d,-1
0x259d0,0
0xf32f,0
0x141b2,0
0x23e71,0
0xc8c1,0
0x9fcb,1
0x7a6a,1
0xae20,0
0x2abc,0
0x1f3d5,0
0x417d,-1
0x24cef,1
0x24584,0
0x1023d,1
0x39cb,0
0x1b9bc,0
0x1e5fc,0
0x83a9,0
0x3594,-1
0x23ba1,1
0x10129,0
0x25c12,0
0x1ba38,-1
0x1fa62,0
0x18921,0
0x57ba,-1
0x24a56,0
0x167db,-1
0x2d42,0
0x84f8,0
0x19f7d,0
0xfc01,0
0x1ccf8,0
0x40e1,0
0x2195e,0
0x1a869,0
0xb43c,0
0x12a5b,0
0xcda5,1
0xc894,-1
0x4d9e,0
0x23f3d,0
0x195e2,0
0x1771f,1
0x209c3,0
0x2580d,0
0x2516c,0
0x1f49e,0
0x1edf2,0
0x17982,0
0x8a5f,0
0x1bf6,0
0x14929,0
0xd78f,0
0xdc96,0
0x1c33,0
0x39fb,0
0x30c9,0
0x1971b,-1
0xcb1a,0
0xa74b,0
0x1dcdd,0
0x26a9,0
0x15a62,0
0x1a12e,0
0x2496a,1
0x1e89a,-1
0x52dc,0
0xeb41,0
0x17889,-1
0x1961f,1
0x1a89e,0
0x1bc1e,0
0xfc0b,0
0x192d2,1
0x20929,1
0x217e8,0
0x259dc,0
0xc616,0
0x283e,0
0x5378,0
0x5ca8,0
0x16bdf,0
0xcd2b,-1
0x21679,1
0x20c65,0
0x22425,0
0x25b08,0
0x1c735,0
0x7152,0
0x7230,0
0x16ff,-1
0x1302a,0
0x232af,0
0x1cdd7,0
0x1ea8,-1
0x1c209,0
0xa839,0
0x1e1ac,-1
0x2258f,-1
0xc5d8,0
0x1f23d,0
0x1c517,1
0x4336,0
0x1a476,0
0x15af4,0
0x136ed,0
0x96e4,0
0x63f9,-1
0x1f7e3,0
0x1368a,0
0x209e6,-1
0x16550,0
0x1abe1,-1
0x1d468,1
0x52af,0
0xa575,-1
0x214ec,-1
0x14528,0
0xf7d1,0
0x230a9,0
0xbea0,1
0x2f0c,0
0x1e308,1
0xd04d,0
0x14f47,0
0x251e9,0
0x226da,0
0x4fc4,-1
0x25e49,0
0xaa19,-1
0xb09b,0
0x1f14c,-1
0x7f34,0
0x2070c,0
0x8e86,-1
0x1302b,0
0x20f01,0
0x1cff4,0
0x884f,0
0x154f4,-1
0x19cc3,0
0x23114,0
0x638f,-1
0x12381,0
0x1fd70,0
0x1cb13,0
0xe3ab,0
0x1b943,0
0x24112,0
0x1b3f6,0
0x17c1d,0
0x11c9c,0
0x1127a,0
0x1e6e4,0
0xf488,-1
0x4632,0
0x2ccc,-1
0x11468,-1
0x11f6f,0
0x197a1,0
0x1b3a2,0
0x1e6d5,0
0x1bdd1,0
0xfac4,0
0x150fc,0
0x44c1,-1
0x22176,-1
0x2418b,0
0xab2f,0
0x61f4,0
0x1dfb5,0
0x2020f,0
0x1ec72,-1
0x7d30,0
0xb6b7,0
0x1fcab,0
0x14952,0
0x1f1fc,0
0xd6e9,-1
0x10178,0
0x10b0c,0
0x54a3,0
0x20b38,-1
0xc2ab,0
0x15636,-1
0x10830,-1
0x725d,0
0x3e40,-1
0x12d33,0
0x1fb52,-1
0x1a4be,0
0x21510,-1
0x1f089,1
0xf804,0
0x1ef5c,0
0x1f037,-1
0x22c89,1
0x105a9,0
0xe604,0
0x1551d,0
0x10eca,0
0x1add2,0
0xbe8a,0
0x17fe7,-1
0x7c39,-1
0x14078,0
0x111b0,1
0x1f4d7,-1
0x753b,0
0x1d483,0
0xa16a,0
0x3217,0
0x1103f,1
0xdada,0
0x2527e,0
0x25d0b,0
0x13086,0
0x1ef22,0
0x8ca6,-1
0x72a2,0
0x3532,0
0x4248,0
0xa062,0
0x240ec,-1
0x2487b,1
0x33d7,-1
0x18737,0
0x8a6b,0
0x13e72,0
0x14084,0
0x11e68,-1
0x1bb40,0
0xd179,0
0xb903,1
0x1928,0
0x437b,-1
0x1e0a8,0
0x18b52,0
0x10350,0
0xcd35,0
0x1ec01,0
0x11747,0
0x1a244,-1
0x25081,0
0x572e,-1
0x16159,0
0x194e3,0
0x10ee5,0
0x2210c,0
0x21f85,-1
0x8f04,0
0xcc13,-1
0x5331,-1
0x14f26,0
0x119cf,0
0x18741,0
0xdad1,0
0x1e036,0
0x1f704,-1
0x15e60,0
0x152bf,0
0x20d06,0
0x878f,-1
0xd394,1
0x8f0a,0
0x11424,0
0xb6fc,0
0xe94b,0
0x126cc,0
0x140ca,-1
0x4906,-1
0x18b05,-1
0x1f6ba,-1
0xb978,0
0x1c3f3,0
0x2190d,0
0x1c5e4,0
0x1506d,0
0x1a66b,-1
0x24b64,1
0x24ab8,-1
0x941c,0
0x23da3,0
0x16662,0
0x20c52,0
0x1db51,0
0x21e3e,-1
0x1f8b,0
0x1428a,0
0x11c77,0
0x201cc,-1
0x19f56,-1
0x1f6d3,0
0x4bf6,0
0x2cd8,0
0x165d9,0
0xddf1,0
0x14866,0
0x15681,0
0x1d45c,0
0x119e8,-1
0x9351,0
0x1cc88,0
0x17210,0
0x20078,-1
0x21c15,0
0x4613,-1
0x20dd6,-1
0x196a0,0
0x1c5fa,0
0x25148,0
0x18082,0
0x7c1f,1
0xab5f,0
0x1835a,0
0x1fd22,0
0x1291f,-1
0x54fd,0
0x6414,0
0x1b623,0
0x73a5,0
0x9180,0
0xfaf9,0
0x803f,0
0xec55,-1
0x6fd7,0
0x4735,0
0x7651,0
0x144a7,-1
0x36fc,0
0x1664b,0
0x1d26,1
0xabbb,0
0xa2f1,0
0xf7d0,0
0x19544,0
0x1130b,0
0x1dea1,0
0x1417e,0
0x15dad,-1
0x13d6d,0
0x21f82,0
0x117fd,0
0x2180a,0
0x1cb39,0
0xa5b1,-1
0x1f490,1
0xdaf2,0
0x1e883,0
0x1cdd1,0
0x217ba,0
0x11c52,0
0x21bd8,0
0xf6be,0
0x1bcd3,-1
0xfb1a,0
0xa37e,-1
0x25519,0
0x18eac,0
0x1191d,-1
0x23205,-1
0x12deb,0
0x1acd7,0
0x174e3,0
0x2e0e,-1
0x179b6,0
0x238ab,0
0x76af,1
0x10f1f,0
0x8479,0
0x18168,1
0x168ca,0
0xebdc,0
0xbc3f,0
0x17174,0
0x9253,0
0x9096,0
0x21f75,0
0x19a46,0
0x2360b,-1
0x2985,0
0x5dec,0
0x1f24e,-1
0x12b6a,-1
0x11325,0
0x213bb,1
0x9052,0
0x212b6,0
0x99f0,0
0x4252,0
0x1e91,1
0x3e9d,-1
0x6e64,0
0x1728,0
0x12e9f,0
0x11d0a,0
0x17bda,-1
0xd393,1
0x15616,0
0xcdc9,0
0xb71e,-1
0x1235e,-1
0x123cd,0
0x1b308,0
0x14e44,0
0x19a19,0
0x1f8cc,0
0x1cd34,0
0x1d865,-1
0x232a3,1
0x1c634,-1
0x8472,0
0x180d3,0
0x19d7b,0
0x9b55,-1
0x5232,0
0x290b,-1
0x1ddc8,0
0x12b94,0
0x92f1,0
0x10d6f,0
0x25e37,0
0x247ea,-1
0xc473,-1
0x11eb0,0
0x1b39d,0
0x1f695,0
0x1df01,-1
0xcca4,0
0x23e45,0
0x1aef6,0
0x1a993,-1
0xd0d3,0
0x12916,0
0x24f74,0
0x4ae2,-1
0x1f8a,0
0xadd0,0
0x86d1,0
0x101a8,0
0xe8c5,-1
0x24db9,0
0x6e0f,-1
0x168a8,-1
0x6835,-1
0x1fe49,-1
0x19f57,0
0x17fcf,0
0x14fe3,0
0xcd70,0
0x1ea11,0
0x1fa86,0
0x17fb7,0
0x1ab7c,0
0x16f74,-1
0xc4f9,1
0x1a01b,0
0x9660,0
0x13062,0
0x2fa8,0
0x1f246,0
0xd5e4,0
0x19a64,1
0xe616,0
0x1ee26,0
0x2550a,0
0x9ed1,0
0x1de2d,-1
0x1f495,1
0x6592,0
0x10598,0
0x1c16a,0
0xd34d,0
0xb989,0
0x1091d,1
0x1f328,-1
0x1f6f2,0
0x253ed,0
0x20731,0
0x173fc,0
0x180d9,0
0xdcd2,1
0xda0f,-1
0xb8b7,0
0x4154,0
0x230db,0
0xb1b1,0
0x5466,0
0x1d774,-1
0x18361,-1
0x18bfa,0
0x1ecbb,0
0xba91,-1
0x1d695,0
0x253a1,0
0x8601,0
0x16b5c,0
0x18da2,0
0x1ca18,0
0xe537,0
0x20a5b,-1
0x129e3,0
0x1eb1d,0
0x1346f,0
0x7cc3,0
0x22ba4,0
0x11447,-1
0x19d2f,0
0xdfe1,0
0x10a17,1
0x1238e,0
0x9dd2,0
0x4f4d,0
0x1a1b5,0
0xb9dd,0
0x148a3,0
0x8eb0,0
0x1a778,0
0x1380a,-1
0x1afc5,1
0x1d9e5,0
0x2391d,-1
0x1ed43,-1
0x4f51,0
0xc097,0
0x5fa0,0
0x1d9e6,-1
0x237f1,0
0x98cc,0
0xf3c8,0
0x176b4,0
0x2321b,0
0x1097e,-1
0x15b9c,0
0x6128,0
0xc3c9,0
0x12ba1,-1
0x60bc,0
0xc8d0,0
0x1f76a,-1
0x10fd3,0
0x15ddf,0
0x162a6,-1
0x208d4,0
0x1a4cd,-1
0x1169c,0
0x23e8a,0
0x1d6d,0
0xa5c0,0
0x29ef,0
0x8fca,-1
0x8971,0
0x15e25,0
0x14ac1,0
0x97d4,0
0x179e5,0
0x21e9e,0
0x112ac,0
0x1df00,0
0xc350,0
0x15aa3,0
0x21a0f,-1
0x7551,-1
0x2490c,0
0x15da0,0
0x22aee,0
0x19f7b,0
0x10b5b,1
0x4ad1,-1
0x1836d,0
0x173ff,0
0x17481,0
0x533d,0
0x4b1f,-1
0xc261,1
0xf2ce,1
0x1470c,0
0x162b1,1
0x9228,0
0x2d9b,0
0xc30a,0
0x183d3,-1
0x7170,0
0x14a24,0
0x16251,0
0x90ba,0
0x17d54,1
0xc77b,0
0x229c7,0
0xaad0,0
0x83ee,0
0x6a32,-1
0x25572,0
0x1c52d,0
0xc235,0
0x24466,0
0x15998,0
0x224c,0
0x1db7f,0
0x1f369,0
0x17a7,0
0x23bb7,-1
0x14bd4,0
0x19cf5,0
0x1579e,0
0x1b67e,0
0xddb5,0
0x127e0,-1
0x7704,-1
0x2b39,-1
0x1f80d,0
0xbac0,0
0x2342e,0
0x1013f,0
0x1c1f1,0
0x14bd0,-1
0x27f0,0
0x206c4,-1
0x1b19f,0
0x1752,0
0x384d,-1
0x1f64c,0
0x21706,0
0x2541b,0
0x1faca,-1
0x3b59,-1
0x1bb64,0
0xc788,0
0x1d4eb,0
0x21732,1
0x1f097,0
0x12ca3,0
0x234f0,1
0xf015,0
0x24d68,-1
0x21b83,0
0x1c1b3,0
0x196f4,0
0x387b,0
0xf972,0
0x1dca9,0
0xbb1b,1
0x12b7c,0
0x15503,-1
0xbbff,1
0x121af,0
0x22722,-1
0xcb3b,0
0x4950,0
0x25d3f,-1
0x18be7,0
0x1f066,0
0x1286a,0
0x16ec7,0
0x7611,0
0x13d32,0
0x12085,0
0x24458,-1
0x19d24,-1
0xd6bc,0
0x237b3,-1
0x21d38,-1
0x1df47,0
0x4d10,1
0x12498,0
0x218f,1
0xd6ea,-1
0x20934,0
0x1d601,0
0x1256e,0
0x7299,0
0xb46b,0
0x1c02b,0
0x22305,0
0xad30,0
0x17ea3,0
0x18d6f,0
0x20679,0
0x9142,0
0x59c0,0
0xff23,0
0x21f3d,0
0x5a25,0
0x238e7,0
0x53f3,0
0x11513,0
0xeee1,-1
0xd2ca,1
0x1cb72,0
0x1cf59,0
0x20c9b,0
0x24f14,0
0x1418b,-1
0x16bcc,0
0x1f489,0
0x2e68,0
0x15d2d,-1
0x18c3a,0
0x17720,1
0xd15e,0
0x1562b,0
0x52a2,0
0x1bf0d,0
0xd1c0,0
0x62c1,0
0x2093c,-1
0x928e,0
0x25ba7,1
0x127db,-1
0x10296,0
0x51a5,0
0x21937,0
0x2f31,0
0x23f2,1
0x21fca,0
0xd794,0
0x11c32,0
0x23fcf,0
0x1a7e4,-1
0x19df0,0
0x23a47,1
0x4ac0,1
0x204b0,-1
0x6af3,-1
0x200bf,0
0x21e88,0
0x15a89,-1
0x5e5b,0
0x125e8,0
0x1abc2,0
0x11f2f,0
0x189f9,0
0x18ed,1
0x17b56,0
0x24a67,0
0x16b7,0
0x32d7,0
0x24dbb,0
0xe226,0
0x23118,-1
0x23204,0
0x95c4,-1
0x2440e,0
0x20212,0
0x10e2c,-1
0x192b3,0
0x20858,0
0x2e5a,0
0x5ba4,0
0xfd1b,0
0xdf7b,0
0x2cd9,1
0x9fbc,-1
0x1ad24,0
0x9fa6,0
0x229c3,0
0x22913,-1
0x1d9b3,0
0x8f7c,0
0x7b8f,-1
0x1cbe0,0
0x21352,-1
0x8f88,-1
0x24977,-1
0x148c8,0
0x16ac5,1
0x25e7,0
0xbec4,0
0x3712,0
0x79b1,0
0x1f675,0
0x11fab,-1
0x20bc6,0
0x1fca2,0
0x5d83,0
0x215ce,0
0xb233,0
0x15786,0
0x185dc,-1
0xdb06,0
0x750d,0
0x1359b,0
0x1b7ff,0
0x1f007,0
0x1e9e4,-1
0x1b6af,0
0x7f4e,-1
0x14b2a,0
0xed2b,1
0x12a32,0
0x20f55,0
0x2982,-1
0x8dc6,-1
0x14ccc,-1
0x21584,0
0x16760,0
0x806e,0
0x5bd1,0
0x1bb6c,0
0x16f43,-1
0x24969,1
0xd250,-1
0x1dd31,0
0x1602b,-1
0xa519,-1
0x1ccab,0
0x17b9f,0
0x17e12,0
0x21f98,0
0x1f5d2,0
0x20077,0
0x426b,0
0x1da1,-1
0x4ede,-1
0x1490c,1
0xb00b,0
0x20785,-1
0x1bb82,1
0x2595c,0
0x13fa5,0
0x1d6cc,-1
0xf2cd,0
0x7db9,0
0x20365,0
0x25e47,0
0x20f18,0
0x16789,0
0x15113,0
0x2549e,0
0x14147,0
0x803e,0
0x1085d,0
0x217e0,0
0x24a7e,0
0xcab0,0
0x1ec47,-1
0x7bf8,0
0x2889,0
0x1e895,0
0x52a3,-1
0x2135d,0
0x1acb8,0
0x1c898,0
0xdc4f,0
0x16635,-1
0x1b1f4,-1
0x25672,0
0x14c6f,1
0x125e5,0
0x243b4,0
0x1e1a5,1
0x17d99,0
0x1ef1f,-1
0x1a070,0
0x1db5,0
0x55d0,0
0xb334,1
0x7f7f,-1
0x105a6,1
0x48b3,0
0x3413,0
0x8982,0
0xd9ae,0
0x1cd4b,0
0x242fd,0
0xa613,0
0xa127,0
0x1ce0d,1
0x22b7f,0
0x20c1d,-1
0x22819,0
0xba5c,-1
0x243d,-1
0x12e23,-1
0x23cfc,0
0x160ab,0
0x1526e,0
0x172f8,0
0x480c,0
0x2280a,0
0x14e57,0
0x4fea,0
0x210d,0
0x1fab3,0
0x11d8e,0
0x1e510,0
0x6942,0
0x18197,0
0x257b5,0
0xfb91,0
0x24fef,0
0x1630f,1
0x2f61,-1
0x23d16,0
0xa10a,-1
0x327b,0
0x11e70,0
0x48e1,0
0xb234,0
0x229bc,0
0x11aef,-1
0x4f05,0
0x129e1,-1
0x1126f,-1
0xbc0f,0
0x1595d,0
0xb562,-1
0x37a1,0
0x11d3c,0
0x5386,0
0x171a6,0
0xbea2,0
0x1d79c,-1
0x6d02,0
0x1d603,0
0x10a0c,-1
0x24739,0
0x15699,0
0x18404,0
0x1601a,1
0xb12a,0
0x23747,-1
0x1bfc0,0
0x14438,0
0x1593a,0
0x897a,-1
0x8985,0
0x9589,-1
0xc0c1,0
0xf9af,-1
0xee64,0
0xd89d,1
0x5b13,0
0xddee,0
0x16de3,-1
0x1573f,0
0x121b0,0
0x16aff,0
0x223c3,0
0x23146,0
0x1572a,0
0x1aebb,0
0x8a23,0
0x20fac,0
0x233c3,-1
0xe319,0
0x22759,-1
0x4425,0
0x1efa5,-1
0xf1dd,-1
0x2191,0
0x18cde,0
0xa492,0
0x60e4,0
0x167cc,0
0x164a0,1
0x22792,0
0x124db,-1
0x16515,0
0x8a0a,0
0x10e80,-1
0x1ed45,-1
0xc9f0,0
0x2749,0
0x1590a,-1
0x25904,0
0x1ac25,0
0xb661,0
0xd04b,0
0x169b6,-1
0x21080,0
0x12a7a,0
0xcaa3,0
0x1f650,0
0x13a0c,0
0x247f,0
0x23f24,-1
0x14809,0
0x1ca2,0
0x9f8e,-1
0x753c,-1
0x2120a,-1
0xd9bb,-1
0x25a77,-1
0xb539,0
0x1deb1,0
0x1094c,0
0x1ac0f,1
0x1be86,0
0x1f6f8,0
0x349e,1
0x17783,0
0x17060,0
0x24efc,0
0x115de,0
0x24322,-1
0x2c1d,0
0x1a600,-1
0x10e3d,1
0x23450,0
0x16b60,0
0x3081,0
0x3f78,0
0x24d96,1
0x31c4,1
0x2d37,0
0x9fc0,-1
0x8cb7,-1
0x1811d,0
0x15166,0
0x23e3,0
0x25747,-1
0xc380,1
0xa5ef,0
0x8961,0
0x1b1e9,0
0x2c52,-1
0x552d,0
0x25d65,0
0x1f5d3,-1
0x1db4,0
0xa470,0
0x17afd,0
0x1ea8d,0
0x5b39,1
0x1a1d2,0
0x19a0,0
0x248ca,0
0x17362,0
0x25165,0
0x155e4,0
0x200a1,-1
0x185f2,0
0x63f1,0
0xf68c,0
0xc7c3,1
0x11f19,0
0x25201,0
0x129c6,-1
0x21ac3,0
0x3792,0
0x85ad,0
0xde5f,1
0x1a2ba,-1
0xf5d9,0
0x4627,-1
0x22846,0
0x6c68,-1
0x18e7a,0
0x13477,1
0x7b12,0
0x9b65,-1
0x238c9,0
0x250bc,-1
0xa1aa,0
0x1633e,0
0x11d82,0
0xffb5,0
0x12367,0
0x20fc0,0
0xeb63,0
0x18db8,0
0x8940,0
0x17f2f,-1
0xdc80,0
0xd16b,-1
0x9d67,1
0x75a3,0
0x132d3,0
0xf3de,0
0x1e8c2,0
0xf28f,0
0x7f15,0
0x2559d,0
0x10cc6,0
0x9471,0
0x1fbe1,1
0x244af,0
0x665c,0
0x1f8c,0
0x22a46,-1
0x1e0d5,-1
0x1389d,0
0xc69a,0
0xa591,1
0xe92f,0
0x6578,-1
0x21306,0
0x8c33,-1
0x1a76,-1
0x417b,-1
0x1dd99,0
0xbc31,0
0x8898,-1
0x1b1b0,0
0x8e57,-1
0x611a,0
0x12976,0
0x3a36,0
0x22220,0
0x773f,0
0x23c05,-1
0x1ff80,0
0xa99f,-1
0x17079,0
0x24ed9,0
0x2366b,0
0x5f32,0
0x101fd,0
0x22065,0
0x21081,0
0x1e4b9,0
0xd156,0
0x1d70,1
0x23c6e,0
0x190c4,-1
0xcd07,0
0x7431,0
0x49f3,0
0xfa02,0
0x6db6,-1
0x1e661,0
0xcad4,0
0x206bf,0
0x25d60,0
0xaba2,1
0x68f3,0
0x6c00,0
0x1110a,0
0x204cc,-1
0x21dde,1
0x5e64,-1
0x4664,-1
0x18aa4,0
0x1b26d,0
0xda7d,-1
0x801d,0
0x23df0,0
0x19905,-1
0x234b1,0
0x14063,0
0xd38a,0
0xd4ca,0
0xa63f,0
0x21b0d,0
0xf5f2,0
0xb7b4,0
0x1c28a,-1
0x1b4eb,0
0xce3c,1
0x9b0a,1
0x67ec,0
0x1b31e,0
0x122db,0
0xf8f4,1
0x16688,-1
0x152a8,0
0x1c155,0
0x9d39,0
0x7eed,0
0x20da4,-1
0xd935,0
0x1060e,0
0xacc4,0
0x7ba2,-1
0x23f1,0
0x1e1c9,0
0x124ff,0
0x1dce5,0
0x7fb7,0
0x227a0,1
0x1daec,-1
0x24b83,0
0x1bec2,0
0x24c6,0
0x180ca,1
0x25fa5,0
0x7ae6,0
0x23557,0
0xad86,0
0xf14a,0
0x1c269,-1
0x165d,0
0xe1de,-1
0xe6a9,0
0x1c81,0
0x22363,0
0x1a281,0
0x14e59,0
0x1c8e4,-1
0x196b8,0
0x6cc6,0
0x682e,-1
0x10bc9,0
0x1bb94,0
0x1f403,-1
0x1f371,0
0x5f3d,-1
0x1ba56,0
0x13992,1
0x1a66a,0
0x187a4,0
0x133df,0
0x9799,0
0x7500,0
0x6a2d,0
0xcd7a,0
0x25dd9,0
0xc6ea,1
0x8442,-1
0x23f52,0
0xb827,0
0x1bbfb,0
0x1773c,1
0x1f5d,0
0x14b6e,0
0x450b,0
0xca56,0
0x20a48,0
0x20dc,0
0x1fa84,0
0x885b,0
0x22af3,0
0x23bcf,0
0x1db88,0
0xb736,-1
0x1a86e,0
0xd3bd,0
0x1752c,0
0x136a5,0
0x1da82,0
0x25213,0
0x231c0,-1
0x12464,0
0x4a6b,0
0x510c,0
0x311a,0
0xac8d,-1
0x138ee,-1
0x2c59,0
0xd2d7,0
0x1f07b,0
0x3deb,0
0x13c04,-1
0x250fe,0
0x320f,1
0x1f22f,0
0x2249b,0
0x3c16,0
0x13f7e,0
0x7a6f,1
0x1efd4,0
0x4de4,0
0x1822,0
0x1cfdd,0
0x24a4b,0
0x1bea0,-1
0x2155,0
0x15a07,0
0xa3dc,0
0x218cf,0
0xb63d,0
0x1a85,0
0x294b,0
0x52e1,0
0x23776,-1
0x39d3,-1
0x1e5be,0
0x75a9,0
0x12f38,0
0x200ee,0
0x2373b,0
0x1ebe3,1
0x1b6c9,0
0x236d9,0
0x239dc,0
0x148f3,0
0xd62a,0
0xaad7,0
0x8f85,0
0x15d37,-1
0x6c55,0
0x13d56,0
0xcf85,0
0x21721,0
0xac42,0
0x6016,0
0x1a3d0,0
0xda61,0
0x1b53,0
0x200f2,0
0x49fe,-1
0x726d,-1
0x13d22,0
0x58c9,0
0x1735,0
0x2054d,0
0x1a57,0
0x213df,0
0x6b40,0
0x1c0e9,-1
0x25d91,0
0x1835b,0
0x1a9e9,0
0x113a6,0
0xcaf6,0
0x19a6d,0
0x246cd,0
0x124eb,0
0xce7b,-1
0x222f1,0
0xc612,0
0x7c1d,0
0xcd44,0
0x1c3df,0
0xd8a2,0
0x19072,0
0xcb27,-1
0x117f6,0
0x13959,0
0xf682,0
0x13542,-1
0x1e69,0
0x3a73,0
0x3743,0
0x52dd,0
0x535f,-1
0x16ecd,0
0x1fdc5,0
0x10e73,1
0x23b57,0
0x1ec00,0
0x3877,0
0xfa66,-1
0x16f34,1
0x1d5ed,0
0x25793,0
0x10f2c,-1
0x999b,0
0x13761,0
0x12167,0
0x13a0e,0
0x1bb6b,0
0x12ee6,0
0x17aa,0
0x16d22,0
0x1ada3,0
0x21b63,-1
0x252c7,0
0x503b,-1
0x7519,-1
0x32b8,0
0x5311,0
0x1d0d9,-1
0x785e,-1
0x1421e,0
0x2070a,0
0x5c32,0
0x1b313,-1
0x1b1f6,-1
0x16beb,0
0x1c1fa,0
0xf7d3,-1
0x2297a,0
0x1e19,0
0x1a806,-1
0x11550,0
0xf2d6,0
0xbaae,0
0xef59,0
0xa4b8,-1
0x24975,0
0x19149,0
0x1367e,0
0x1706f,-1
0x20688,0
0x2136,0
0x4133,0
0x1e197,0
0x2285f,-1
0x21ffd,-1
0x17e32,0
0x14533,0
0x19f05,0
0x11677,0
0x1114e,0
0x12b62,0
0x245c5,1
0x22d10,0
0x569c,0
0xbd7f,-1
0x1bd99,1
0x1ef4e,0
0x761f,0
0x1fc5,0
0x160c2,0
0x18ac4,-1
0x24351,1
0x54a2,0
0x15dcf,0
0x20c92,-1
0x6c3a,0
0x1c3e,0
0xa313,1
0x1ddbe,0
0x14657,0
0x1da06,0
0x224f5,0
0x25b90,0
0xb5b9,0
0x384a,-1
0x17bc8,0
0x2211,0
0x1c057,0
0x9b32,0
0x2166,0
0x1217b,0
0x239cd,0
0x11f29,-1
0x63af,1
0x24355,0
0xef05,0
0x25010,0
0x1f609,0
0xc8f2,0
0x1099f,1
0x5952,-1
0x13718,0
0x4957,0
0xe286,0
0x50d0,-1
0x141e2,0
0x230b4,0
0x9c78,0
0xb09f,0
0x1749d,0
0x1d12a,0
0x153a8,0
0x1dc1a,0
0x15ba9,-1
0xbb11,1
0x12884,0
0x2294f,0
0x21d15,-1
0x6105,0
0xe8b7,0
0x1abe9,0
0x17208,-1
0x22569,-1
0x49e7,0
0xcbab,-1
0xbd9a,0
0x5431,0
0x215ad,0
0x2362,0
0x99ec,-1
0x24068,-1
0x1ce81,0
0x13b66,-1
0x9fe3,-1
0x161f,0
0xfb92,0
0x1bf68,0
0x25375,1
0x9bb3,-1
0x9698,0
0x1d67a,0
0x17bdf,0
0x18b9a,0
0x1408e,0
0x11c83,0
0x4f7d,1
0xf62c,0
0xf71f,0
0x7200,0
0x6c47,0
0x1cdd6,0
0x1eb4,0
0x15582,0
0x16bd3,0
0x5f00,0
0x1fdac,1
0xab5d,0
0x1f5b4,-1
0x1a1c9,-1
0x171eb,0
0x120b4,0
0x9789,0
0x9b2e,0
0x1354e,1
0x1ef2d,0
0x1c435,0
0x1ecec,-1
0xdb76,0
0xa351,0
0x1d67b,-1
0x118cf,0
0x376f,0
0x99a7,0
0xc2dc,0
0x1afd7,-1
0xa2a2,0
0x540c,0
0x1f0c9,0
0x20826,-1
0x1f992,0
0xfcc8,-1
0x1da47,0
0x1d96b,0
0x9b29,0
0x17a09,0
0x25b5f,0
0x1dfb3,1
0x21bef,-1
0x1fd59,0
0x8d06,-1
0xde6c,0
0x18aab,0
0x19103,-1
0x5c91,1
0x10f8b,-1
0xa2a4,-1
0x1b533,0
0x235c8,1
0xe040,0
0x2b34,0
0x1239b,0
0x105a3,0
0x4fa0,0
0x7fdd,0
0xcfc8,0
0x3106,0
0x1bd1c,1
0x1148b,0
0x144b3,-1
0x210d4,-1
0x12939,0
0x14033,0
0x1b066,0
0x1515b,-1
0x12f01,0
0x1fe79,0
0x189fd,0
0x1ba41,0
0x4487,0
0xaf4c,0
0x24892,0
0xf918,0
0x20e36,-1
0x14221,0
0x14226,0
0x20114,0
0x23fd1,0
0x2317,-1
0x1534e,-1
0x11e04,0
0x1c43d,0
0x1ad12,0
0x20f8e,0
0x7042,-1
0x1bf72,0
0x17ce8,-1
0x15186,0
0x6348,0
0x1a6c2,0
0x1c146,0
0x22cd0,-1
0x1d581,-1
0x14565,0
0x1e9fa,0
0x23e37,1
0x22051,0
0x2487c,1
0x8d00,0
0x1333e,0
0xab9a,0
0x253c7,-1
0xf2b5,0
0x24961,0
0x19ed6,0
0x1c464,0
0x11cf2,0
0x102f0,-1
0x1e710,0
0x8ca8,0
0x1d026,0
0x1b12c,-1
0x19273,0
0x1d185,0
0xdeba,0
0x413c,-1
0x1a9ee,0
0x5dde,0
0x24efa,0
0x15e0c,0
0x872a,0
0xa8c9,0
0x20e4a,-1
0x943e,0
0x16f7a,-1
0x87a2,0
0x1cd00,-1
0x12072,0
0x5b32,1
0x1ddb2,0
0x42fd,0
0x12a5c,0
0x1a2b8,0
0x1287a,0
0x13f75,0
0x2193d,-1
0x9d29,-1
0x20863,0
0x10a6b,1
0x190a3,0
0x21fd4,0
0x2357f,1
0x1bb7c,0
0x5572,0
0x1ebcb,0
0xd626,0
0x6fcc,0
0x16ed,0
0xb619,0
0xd530,-1
0xeb35,0
0xbb29,0
0x2469c,0
0x3614,0
0x1907f,0
0x1b435,0
0x21410,0
0xcc76,0
0x6887,1
0x10380,0
0x1e1f,0
0x1c584,0
0x2563,0
0x21e70,1
0x23804,-1
0xeb7b,0
0x1a3bf,0
0xd0e6,-1
0x991e,-1
0x1f484,1
0xd6df,0
0x1ae97,-1
0x12d7e,0
0x1ddd2,-1
0x1807e,0
0x9891,0
0x49a2,0
0x3533,-1
0x1ffd0,-1
0xb119,1
0xb568,0
0x1edc7,-1
0x1c1d6,0
0xb9d1,-1
0x20a17,1
0x416f,0
0x1c22b,-1
0x1125a,-1
0x21110,1
0x70ba,0
0x907f,0
0x22d2,1
0xcc68,0
0x25041,0
0xf451,1
0x15585,0
0x5fff,0
0x17896,0
0x9dce,1
0x1aa08,-1
0x22e1,-1
0x1c938,0
0xf3d7,0
0x10fbb,0
0x21a80,0
0x1f28a,0
0x19405,0
0xfd06,0
0x2574d,-1
0x1fc1b,0
0x1f93e,0
0xaf1a,-1
0x4042,0
0x2185,1
0x24fe5,0
0x5a98,1
0x1d055,0
0x2048d,0
0x18426,0
0xa014,0
0x24435,-1
0x13762,0
0x1f37e,0
0x1b5c0,0
0x97df,-1
0x11fb9,0
0xfac7,0
0x9406,0
0xfd21,0
0x26ef,1
0x10488,0
0x1e5bf,0
0x1e48a,0
0x12325,0
0x16ff7,0
0xa068,0
0x1c16e,0
0x8226,-1
0xc24a,0
0x18ab6,0
0xa549,0
0x1a5fe,0
0x195d2,0
0x25476,0
0x25beb,-1
0xdfe0,0
0xc4f8,1
0x8746,0
0x1267f,0
0x15bf4,0
0x11662,-1
0x258fd,0
0x62e4,0
0x8dd8,-1
0x1e078,0
0x18888,0
0x23fc3,0
0x345a,0
0x22432,0
0x15e7a,0
0x5d99,-1
0x2082c,0
0x8c30,0
0x10b8b,0
0x1b030,-1
0x11064,-1
0x107fb,0
0x1675f,0
0x25339,0
0x2262,0
0x1f098,-1
0x7492,0
0x170fd,1
0x13e67,0
0x232b0,0
0x15efb,0
0x20c2f,0
0x1be0b,0
0x72d2,0
0x1da69,1
0x24db8,0
0x4007,0
0x23d5e,0
0x1caf4,0
0x1e8be,0
0x230d1,-1
0x1e89c,0
0x22fce,-1
0xe86e,0
0x6dd1,0
0x6947,-1
0xba51,-1
0x4c27,0
0x16c37,0
0x2322,-1
0x248f,0
0x3078,0
0x24ea6,0
0x22b15,0
0xa756,0
0x1b06b,0
0xc323,0
0xe19d,0
0x4c4d,0
0x1c37b,-1
0x1af64,0
0xc47a,1
0x5e08,0
0xb9cc,0
0x1c2c8,-1
0x172ce,0
0xe1b5,-1
0xff48,0
0x213b2,0
0x1e050,0
0x1fae4,0
0x8658,0
0x1ec6d,0
0xa266,0
0x1a79b,0
0x25d58,0
0x3621,0
0x13067,0
0xccb3,0
0x23273,0
0xc690,0
0xcec0,-1
0x3acf,0
0x20bb1,0
0x83da,0
0x225e5,0
0x24c13,0
0xe15d,-1
0x1853a,0
0x136df,1
0x13ec6,0
0xe6e9,1
0x7fa2,-1
0xbe26,-1
0x145df,0
0x9d26,-1
0x19c13,0
0x1c0e1,0
0x43ce,0
0x22073,0
0x1a8c9,0
0x10620,0
0xf4d0,0
0x11b72,0
0xbbc5,0
0x5736,0
0x16411,0
0x38b7,-1
0x1f2e1,-1
0x19546,0
0x21d81,-1
0x3f50,0
0x1f47b,0
0x220f4,0
0xcb0c,0
0x14ec9,0
0xe264,0
0x161d0,0
0x20fa8,-1
0x1416b,0
0x83be,0
0xda0d,0
0xc52e,0
0x73d5,-1
0x104c4,0
0x22d7b,0
0x1508e,-1
0x4793,0
0xe143,-1
0x1ed2b,-1
0x15282,0
0x9c6a,0
0x200d8,0
0xabd2,0
0x1190a,0
0x17ef6,0
0x1df0e,-1
0x1eaa1,-1
0x20b1d,0
0x1db99,0
0x5df6,0
0x89a9,0
0x175de,0
0x1de34,1
0x3b03,0
0x1682e,0
0x1b240,0
0x1f3e7,0
0x14c27,0
0x656b,0
0x110aa,0
0x91e7,-1
0x5adf,0
0x21678,0
0x1789f,0
0x1e503,-1
0x8e26,0
0x1214c,0
0x19ed9,-1
0x1add9,0
0x146e4,0
0xcac2,1
0x224e8,0
0x206cd,0
0x1db34,0
0x2450b,0
0x185b4,-1
0xdab6,0
0x4105,0
0x20b34,-1
0x2574a,-1
0x5300,-1
0x13f1c,-1
0x76ea,-1
0x24c2a,-1
0xc624,0
0x1c462,0
0x1c395,0
0x22b2a,0
0x5663,-1
0x10b21,0
0x20b7b,1
0x1d34a,0
0x11626,0
0x1c41a,-1
0x2516e,0
0x6b4a,-1
0x17872,0
0x177bd,-1
0x1ff7b,0
0x1b59c,0
0x1dedf,0
0x12ecd,0
0x1a959,0
0x1160b,0
0x15ea9,0
0x1dbec,-1
0x14fcd,0
0x23b8,0
0x1bc3c,-1
0xcccd,-1
0x20631,1
0x24dde,0
0x22e76,0
0x12da3,-1
0x23b28,0
0x1b772,0
0x1194c,0
0x1b487,0
0x17ab3,-1
0x8904,0
0x6f21,-1
0x17de2,-1
0x21260,0
0x4422,0
0x5b1d,0
0x1a412,0
0x22e77,0
0x4e3a,1
0x1b463,0
0x189fa,0
0x217b8,0
0x2804,-1
0x8bff,0
0x231e1,-1
0xc62a,0
0x2287,0
0x6b1b,-1
0x6143,0
0x15f1e,0
0x18c14,0
0xaf20,-1
0x1b780,0
0x1e136,0
0xeafd,0
0x1a12a,1
0x9c73,0
0xbd73,-1
0x405a,0
0x1c520,0
0x4e68,1
0x3ff7,0
0x2051c,1
0x9977,-1
0x2343b,0
0x254e7,0
0x59b4,0
0x88c2,1
0x9f5a,-1
0x1a24c,0
0xb12c,0
0x8033,0
0x520f,-1
0x1f05,0
0x1a87c,0
0x12b22,0
0x11712,-1
0x19c63,0
0x3505,0
0x528b,0
0x128ee,-1
0x171a3,0
0xc43e,0
0x12e02,0
0x20485,0
0x20131,0
0x1563b,0
0x20d68,0
0x64c2,0
0xf64f,1
0x24804,0
0x144a9,0
0x1b8f4,-1
0x1642f,0
0x1d17e,0
0x9acf,0
0x2540f,-1
0x6292,0
0x1c195,-1
0xccf0,1
0x12a6f,0
0x1931e,0
0x144ef,0
0x7bb0,-1
0xac03,-1
0x13db6,1
0x14a22,-1
0x1b37f,1
0x1904,0
0x24681,0
0x11f86,0
0x135ec,0
0xacd1,0
0x1056c,0
0x1928d,-1
0x1c55f,0
0x99fc,1
0x14e9e,1
0x1b4db,0
0x119c2,0
0x1f123,0
0x16e47,-1
0x9a4a,0
0xf6c0,0
0x4c96,0
0x10972,0
0xf164,0
0x2f18,0
0x6a29,0
0xfb62,0
0x17832,0
0x5b99,0
0xc841,0
0x651a,0
0x200fd,0
0xaed6,0
0x20b51,0
0x236bf,0
0x1e20d,0
0x12399,0
0x244ba,-1
0xcf1e,-1
0x9631,0
0x5b4b,-1
0xe76c,0
0x1dd14,0
0xe62e,1
0x22f2b,0
0x3721,-1
0x8670,-1
0x59fe,1
0x1b6d3,0
0x2014e,-1
0x128c5,0
0x14a67,0
0x2010,0
0x22bfb,0
0xd367,0
0x16356,0
0x1fea5,0
0x68ac,0
0x1df82,0
0x255d,0
0xe15b,-1
0x11cef,0
0x2048b,0
0x1a00b,-1
0xde53,0
0x145c2,0
0x8d79,-1
0x5f33,0
0x6dff,1
0x14455,0
0x1e9b1,0
0x21ac6,0
0x8803,0
0x295e,0
0x80f4,0
0xba1f,-1
0x144e0,0
0x1586c,0
0x23b06,0
0x3fb3,0
0x1b1f2,0
0x165df,0
0x174ec,-1
0x193a0,0
0x1cf32,0
0x1260a,0
0x1a12b,0
0x4ddb,0
0x1ac9d,1
0x5305,0
0x374d,0
0x14f31,0
0x1298e,0
0xba97,0
0x22d28,0
0xf08d,1
0x254fa,0
0xf3d9,-1
0x7697,1
0x17772,1
0x6d04,0
0x221d7,-1
0x4791,0
0x1c658,-1
0x39fc,0
0x636c,0
0xf39a,0
0x761d,1
0x1d6d1,0
0x2b96,0
0x129cc,0
0x21aa2,-1
0x20da9,0
0xed61,1
0x225b1,0
0x21aab,1
0x177b2,0
0xf020,-1
0xbdeb,-1
0x253ce,0
0x4e7e,1
0x522d,0
0x11b38,-1
0x255d7,0
0x10fda,0
0xd509,0
0x818b,0
0x10765,0
0x164fd,0
0x1b64f,1
0xb58b,0
0x22c65,-1
0x11aba,0
0x17a91,-1
0x4f1d,0
0xdbfd,0
0x15ddc,-1
0x2471f,0
0x19849,0
0x5600,0
0x1b380,1
0xb347,0
0x22486,0
0x14634,-1
0x6961,0
0x1e80d,0
0x1bf37,0
0xab66,-1
0x17985,0
0x19004,0
0x1c12,-1
0x1c63e,0
0x20a5f,-1
0x25701,0
0x3d26,0
0x1b3a,0
0x189c6,0
0x3bad,-1
0xd253,0
0x9061,0
0x7c44,0
0x14c8e,0
0x2297c,0
0x122cb,0
0x73a4,0
0xbbce,0
0x7bba,-1
0x1ac34,0
0x588a,-1
0x21fa5,0
0x100b0,0
0xb453,0
0xacb1,0
0x222fc,0
0x14928,0
0x154f5,0
0x13554,1
0xf189,0
0x4d3a,0
0x2544d,0
0xb000,0
0x608f,0
0xde49,1
0xb24d,0
0xec01,0
0x13251,0
0x13c10,-1
0x7b00,0
0x25bec,-1
0x22548,0
0x588d,0
0x11b7a,0
0x10281,0
0xf017,0
0x5208,0
0x1b858,0
0x17240,0
0x205c9,-1
0x1f807,-1
0xab2c,0
0x2019c,0
0xab55,0
0xdc1a,0
0x1f519,0
0x19111,1
0x16816,0
0xe51a,-1
0x87d3,0
0x2036d,0
0x1da23,1
0x2447d,0
0x20f35,0
0x134d1,0
0x25cd1,0
0x1d82c,0
0x1bda0,-1
0x108e5,0
0x1bfee,-1
0xb100,1
0x2445,1
0x19454,0
0xe90a,0
0xfb30,0
0xe990,0
0x1b980,1
0x14ce2,0
0x2379d,0
0x1be5e,-1
0x1505e,0
0xae8d,0
0x24403,0
0x11482,0
0x189fb,0
0x2585f,0
0x23d8a,0
0x190a0,0
0x1c5a6,0
0xfdc7,0
0xd191,-1
0x1e937,1
0x6b32,0
0x1d059,0
0x9309,0
0x1b8b4,0
0x11274,0
0xab24,0
0x13989,-1
0x207a4,1
0xf619,-1
0x1d114,0
0x1ace6,0
0x180e3,1
0x76c4,0
0x178bc,0
0x8aaf,1
0x19492,0
0x1e0a4,0
0xa7ff,1
0x21a05,0
0x1d828,0
0x26ce,-1
0xedbe,0
0x25c07,0
0xadb3,0
0x95c5,-1
0x1f1da,0
0x21939,0
0x7171,0
0x1dafa,0
0x1ff39,1
0x23d7e,0
0xf92b,0
0x138ed,0
0xd9a1,0
0x6e24,0
0x12f3d,0
0x17027,-1
0x5596,0
0xfdaf,0
0x222d2,0
0x825b,0
0x7064,0
0xb117,0
0xa8a7,0
0x23de5,0
0xe1e0,0
0x15ff7,0
0x1f987,-1
0x14ce4,-1
0xc284,0
0xbbbc,0
0x519a,0
0x8392,-1
0xb448,0
0xeabc,0
0x2289c,0
0x25e69,-1
0x18397,0
0xd723,0
0x1ee1,0
0x1a4d5,0
0x1a521,0
0x5fb4,0
0x1c5fc,0
0xdd04,0
0x14c93,0
0x250e,0
0xbec2,0
0x1704,-1
0x1fa59,0
0x14b7e,1
0xc37f,0
0x11023,1
0x18cc9,-1
0x8377,-1
0xed47,-1
0x1c492,0
0x17e94,0
0x1742f,0
0xa19b,-1
0x70c7,0
0x10577,-1
0x234a5,0
0x12854,0
0x8652,0
0x1a0e9,1
0x16296,1
0x2543f,0
0x15d68,0
0xaebd,0
0x16d3,-1
0x22249,0
0x992d,1
0x173b3,0
0x1b2b3,0
0x221b8,0
0x188b6,0
0x26f1,0
0x14755,0
0x109ae,0
0x10c27,0
0x15c73,0
0x1c010,-1
0x8cb3,0
0x8ab2,1
0x1b762,1
0x18e19,1
0x11654,-1
0x8b2a,0
0x20d6b,0
0x8b4c,0
0xfc5c,0
0x51ca,-1
0xf9f1,0
0xe301,0
0xbfdd,0
0xc52f,1
0x2b05,0
0x1f393,0
0x1d0b5,0
0xb963,0
0x22081,0
0x41b8,0
0x14863,0
0x247ae,0
0x59b3,1
0x1146b,-1
0x1c82a,1
0x19158,0
0x1d901,0
0x1fe25,0
0x166a4,-1
0xba14,-1
0x17cfd,0
0xcf80,0
0x4e78,0
0x7a79,0
0x9a36,0
0x27c0,0
0xc8b2,-1
0x1c4e6,0
0x13988,0
0xfa2d,0
0xde7e,0
0x1c816,0
0x6d13,0
0x19ee4,0
0x77c3,0
0xdba6,1
0x1e29c,0
0x43ac,0
0x18770,0
0x15225,0
0x705b,0
0x1a54a,0
0xd546,-1
0x2484b,0
0x18c46,-1
0x19c38,0
0x23f25,0
0xd10a,0
0x13d40,-1
0x22f98,0
0x13746,-1
0x4680,-1
0x255d8,0
0x230a6,0
0x8bf9,1
0x16c8b,0
0x25483,0
0x18e29,0
0x14aa4,0
0x15e6e,0
0x17c60,0
0xd4a8,0
0x12b9f,0
0x6a70,0
0xf024,0
0x20dc8,1
0xcd33,-1
0x1cbb4,-1
0x20cee,0
0x17749,1
0x2353,1
0x1a327,1
0x16075,0
0xb5f8,0
0x18d92,0
0x22c71,0
0x14f4c,-1
0x11a7e,0
0x14478,0
0x173b9,-1
0xfc72,0
0x16b12,-1
0xe55b,-1
0x9e61,0
0x7a27,0
0x4642,0
0xe6b6,-1
0x225eb,-1
0xd969,-1
0x88ed,-1
0x24b0,0
0x887a,0
0x19c8d,-1
0x103bd,-1
0x23955,0
0x1d634,0
0x12bad,0
0x23b5b,1
0xe49a,0
0x11460,0
0x24678,-1
0x42ef,0
0x25790,-1
0x2179f,0
0x12291,0
0x23b3f,-1
0xc11c,-1
0x1ba63,0
0x2170f,0
0x1cea9,0
0x382e,0
0xab2b,0
0x1ff10,-1
0x1220f,0
0x1cd9e,0
0x993c,1
0x23610,-1
0x188fb,0
0x16577,0
0x11c31,0
0x5d23,0
0x1f30e,0
0x1f0f9,0
0x3bc3,0
0x248f2,-1
0x14079,0
0x24cca,0
0x14e8c,0
0x18d8b,0
0x11a99,0
0x6557,0
0x1ef6b,0
0x13a83,1
0x1ee3e,-1
0x6e2f,0
0x3d05,0
0x1fe47,0
0xfe7b,0
0x38ca,0
0x11421,0
0x496f,-1
0x1bb31,-1
0x231c7,0
0x2e1d,0
0xd76c,-1
0x19b2c,0
0x23056,-1
0xdea6,0
0x133db,-1
0x1f0c8,-1
0x18439,0
0x2288a,0
0x1dfb8,0
0x54f1,0
0x1a9b2,1
0x3188,0
0x7a6d,1
0x13d31,0
0x15734,1
0x20c19,0
0x2581f,0
0x15e63,0
0x14bb7,0
0x256f3,-1
0x205c8,-1
0xe45a,0
0x21fd7,0
0x38c0,-1
0x139b6,-1
0xee03,0
0x10761,0
0x16d25,0
0x10860,0
0x1e504,0
0x22f8a,0
0xb5f9,1
0x19726,0
0x6e11,-1
0x10f58,0
0x1fae5,0
0x218ab,0
0x1cc57,0
0x191f1,0
0x1c910,0
0xbe92,0
0x11472,0
0xd315,0
0xd9a2,0
0x2987,-1
0x116da,-1
0xdc8c,-1
0x19eee,0
0x7fdf,0
0xa70e,-1
0xb122,0
0x2400c,0
0x10027,0
0x239d8,-1
0x7b3b,0
0xd441,-1
0x9d8c,1
0x11cb4,0
0x9559,-1
0x5e56,1
0x14514,-1
0x2aa4,0
0x10212,1
0x2327c,0
0x25e6a,-1
0x864b,-1
0xf47b,0
0x197f0,0
0x6f3c,0
0x1c231,0
0x210cd,1
0xfb24,0
0x249fa,0
0x24a33,0
0x2dd6,0
0x1cfcf,-1
0x19e97,0
0x1fa7d,0
0x34bb,0
0x3da0,0
0xb8cf,0
0x25131,-1
0x1bc44,0
0x17288,0
0x15c91,0
0x22ba,-1
0x25967,0
0x67d5,0
0x1dcb,0
0x5a8f,0
0x5a60,0
0x153f0,0
0x1bec,0
0x474d,0
0x1ff42,0
0x3937,0
0x256c3,0
0x1776,0
0xdfb6,0
0x1422a,1
0x20fb,-1
0x5e73,1
0x2677,-1
0x17ebb,0
0xfc14,-1
0x18b79,1
0x14143,0
0x13899,0
0x20901,0
0xe8c6,-1
0x1ef81,0
0x19299,0
0x2492c,0
0x37de,0
0xcaf5,0
0x1292c,0
0x1c7ca,1
0x2323,-1
0x110e2,-1
0x9247,0
0xaf12,0
0x1118a,0
0x6a80,0
0x9fd9,-1
0x110ff,0
0x1a0f5,-1
0x124ce,0
0x22041,0
0xe9f2,0
0x4b9d,0
0x3189,0
0x884b,0
0xc620,0
0x31b6,0
0xfb3c,0
0x1d84,-1
0x8391,0
0x1965c,-1
0x2084d,0
0x1a98f,-1
0x1c5a7,-1
0xc6a4,0
0xdd53,0
0xcf31,0
0x19118,-1
0x2b98,0
0x1485a,-1
0x193c9,0
0x15c96,0
0x22431,0
0xfa7c,0
0x10658,0
0xeefe,0
0x9773,0
0x2049a,0
0xab39,0
0x11b4d,0
0xb97d,0
0xb4a3,0
0x14979,0
0x1bbcf,0
0x1e3eb,0
0x17955,0
0x2032e,0
0x22c43,-1
0x11fd6,0
0x46f5,0
0x1e399,0
0x11033,0
0x25d0d,0
0x2307c,0
0x321b,0
0x12adc,-1
0x1fa2e,-1
0x60e2,0
0x7bcc,-1
0x8f90,0
0x2200f,0
0xd6a0,-1
0x6560,0
0x1a2c2,0
0x6f15,0
0x19e8a,0
0x7b9a,-1
0x62fc,0
0xdf71,1
0x3016,0
0x19e9a,0
0xf48d,0
0x1299a,0
0x19bbb,0
0x76f6,0
0x225d8,0
0x182fd,1
0x1b2e4,0
0x1a624,0
0x11117,0
0x72e2,0
0x14eec,-1
0x11fdd,0
0xe9d0,-1
0x1ed7b,-1
0x1ea8a,-1
0x1637e,0
0x1b264,0
0x6f51,-1
0x2482e,0
0x765b,0
0x2484,0
0x6f01,0
0x657b,-1
0xcc75,-1
0xdbde,0
0x25ea7,0
0x18e6a,0
0x8100,0
0x15413,0
0x21ee3,0
0xc870,1
0xdcf6,0
0x1c1f5,0
0x1b402,1
0x23fd0,0
0xcb70,0
0x28aa,0
0x19dfa,1
0x1db7d,0
0x20232,1
0x554b,0
0xeb1f,0
0xaf65,0
0x1fb67,-1
0x257e8,-1
0x21361,0
0x5304,-1
0x1587b,-1
0xceb3,1
0x5d9b,0
0x25d4d,0
0x15e90,0
0x3415,0
0x240a7,1
0x1e35c,0
0x201f0,0
0x25b0a,0
0x16d48,1
0x90f6,0
0x175cf,0
0x422a,0
0x143cd,0
0x24be5,-1
0x1cdcf,1
0x12b4d,-1
0x16e76,1
0x1fda,0
0x18286,0
0x16afd,-1
0x2165c,0
0x17649,0
0x233ac,0
0x7885,-1
0x252a4,0
0x1b2cc,0
0x3c51,0
0x21bd7,-1
0x5b08,0
0x6ca7,0
0x23a23,-1
0x2463d,0
0x104e8,0
0x2044e,-1
0x754e,-1
0x53e6,0
0x229b6,0
0xbcc0,0
0x95fb,-1
0x5ab4,0
0xa7d0,0
0x1ef79,0
0x1ebe8,0
0x102af,0
0xf85e,0
0x1441f,-1
0x1bb47,-1
0x190c3,-1
0x3d80,0
0x9fbe,0
0x24e9c,0
0x41a7,0
0x236c5,0
0x1c765,0
0x1da99,0
0x1097b,-1
0x191da,1
0x511e,-1
0x9a04,0
0x1e823,0
0x116d0,0
0x114f8,-1
0x5264,0
0xa27e,0
0x21c25,0
0x10efd,1
0xae9a,0
0xb92e,0
0x10f1a,0
0x24019,-1
0x22896,0
0x138ba,0
0x3bb8,1
0x9b94,1
0x15142,-1
0x24d32,-1
0xe5a2,0
0x19c10,0
0xd0c8,0
0x1ce06,0
0x1f4d0,0
0xfeb8,1
0x14473,0
0x7320,-1
0x16f1c,-1
0xbbec,0
0x407f,0
0x249fc,0
0x196f3,0
0x2193c,0
0x4670,0
0x18d09,0
0xec27,-1
0x8cad,0
0x16596,0
0x18c6d,0
0x23ff3,0
0x8679,0
0x1fae7,0
0x24b57,1
0x19304,-1
0x18919,1
0x8959,0
0x20324,-1
0x4273,-1
0x25261,-1
0xeeb9,0
0x176a,0
0x14e5c,0
0x3669,0
0x12c49,0
0x13457,0
0x17da3,-1
0x2392f,0
0x11182,0
0x211ba,0
0x1661c,-1
0x105b3,0
0x1b02e,-1
0xc5cf,-1
0x222f7,1
0x251e5,0
0x4d30,-1
0x11fd9,0
0x1da0,0
0x1151d,0
0x4d88,1
0x2382,-1
0x21257,0
0x1ff5d,-1
0x19e44,0
0x4f42,0
0x1910f,1
0x10dfa,1
0x14beb,0
0xa76b,-1
0xabea,-1
0x1061b,0
0x28b9,0
0xb3e2,0
0x1dded,1
0x9fd3,-1
0x1bbcc,-1
0x1d88d,-1
0x24dc9,0
0x257cf,-1
0x80e5,0
0x1a258,0
0x24f1f,0
0x17603,-1
0x128b8,-1
0x4d0b,0
0x23627,0
0x18b5f,0
0x1c104,-1
0x16476,1
0x1ad82,0
0x1fa35,0
0x13fad,-1
0x12877,0
0x19ba9,-1
0x24262,-1
0x2c4a,0
0xc5cb,0
0x1dc34,0
0x9426,0
0x2e1b,0
0x1e141,0
0x84a4,1
0x19aa6,0
0x18a73,0
0x4837,-1
0x160df,0
0x15022,0
0x16aa0,0
0x13686,0
0x16028,0
0xe232,-1
0x2205,0
0x2336c,0
0xdd54,-1
0x1c7c4,1
0x1f659,0
0x1ade4,0
0x60b1,0
0x8625,0
0xbfa6,0
0x16a86,0
0x1fb8,0
0xdf64,-1
0xf0eb,-1
0x200cd,1
0x1f5f1,0
0xd9f4,0
0x60c1,0
0x22e01,-1
0x762c,0
0x4fc3,0
0xc8f0,0
0x100ad,0
0x15558,0
0xec2f,0
0x17454,-1
0x1cba9,0
0x18648,-1
0xdc87,0
0x134d0,0
0x2f71,0
0x2aaf,0
0x1ead2,0
0x1355a,0
0x248e9,0
0x1d76d,0
0x19830,0
0x17eb7,0
0x157ab,0
0x20cb2,-1
0x18c2d,0
0x3194,0
0x234de,0
0xa110,0
0xbbe8,0
0x2312c,-1
0x1ddd7,-1
0x9f77,0
0x6b60,-1
0xc23f,0
0x1eac2,0
0xed55,-1
0x17169,0
0xe7d5,1
0x145c5,-1
0xe8a4,0
0x6ab8,0
0x1f92,0
0xc5bf,0
0x1f245,0
0x16dd6,0
0x1c274,0
0x8b6e,0
0x236a9,0
0x1a056,0
0x1eed,-1
0xdafc,0
0xea0c,0
0x12e57,0
0x21b3e,-1
0x19867,1
0x1a9d6,0
0x50db,0
0x19602,0
0x209c4,-1
0x17840,1
0x1eb34,0
0x1619d,0
0x18f14,0
0x18ccb,-1
0x1773d,0
0x25658,0
0xcf6b,0
0x19dc,0
0x154af,0
0x8b4b,-1
0x7c4b,0
0x11b5a,-1
0x3b77,0
0x2240e,0
0xa5c8,0
0x115f6,0
0xa8a2,-1
0x24577,0
0x5896,0
0xe0a6,0
0x102d9,1
0x169a2,0
0x13567,-1
0xb8de,-1
0x1f0d3,-1
0x1dbf3,0
0x16d0f,0
0xa1e8,0
0x1cf28,0
0xa7ce,0
0x1d574,0
0x2be1,0
0x20761,0
0x15bc4,1
0x19675,0
0x158e4,0
0x1dd0c,0
0x23f00,-1
0x1a881,0
0x1a239,-1
0x1d6c0,0
0x24a9f,0
0x1fa6a,0
0x14a30,-1
0xd4ff,-1
0x227fe,0
0x13572,-1
0x1c1fc,1
0x2131e,-1
0xf90c,0
0x219bd,0
0x7783,-1
0x1c9af,0
0xf259,0
0x3859,-1
0x10f1b,0
0x25f74,0
0x4fdb,0
0x93ec,0
0x182c4,-1
0xf98d,0
0x9645,0
0x6e8f,0
0x1f4ac,1
0xd53b,-1
0xd246,-1
0x124a4,-1
0x61d4,0
0xcc69,0
0x15ad1,0
0xd4fc,0
0x10e3c,-1
0x17f54,0
0x1c728,0
0x5716,0
0xb450,0
0x10d58,0
0xbeda,-1
0x15270,0
0x1e4f6,0
0x920a,0
0x1985f,0
0x189a9,-1
0x7cc8,0
0x15eb8,0
0x9b6e,0
0x13110,-1
0x131d0,0
0x1070c,-1
0x1cc1f,0
0xf4b0,0
0x2d16,0
0x182f,-1
0x81ea,-1
0x13a40,0
0x14c05,1
0xec65,0
0x22995,0
0x217f8,-1
0x1c24e,0
0x48c1,0
0x1103d,-1
0x25821,1
0x6684,0
0x1f6a3,0
0x18523,0
0xe1af,0
0x176ac,0
0x1cc43,0
0xa2b3,0
0x17833,0
0x1c920,0
0x8d81,0
0xe7bc,0
0x1b622,-1
0x1c7cd,0
0x1384e,0
0x2866,0
0xfefc,-1
0x6144,0
0xbaaf,0
0x1ae94,0
0x3541,0
0x24ac2,0
0x19940,0
0x1c79f,0
0x2b13,0
0x13f35,0
0x14288,0
0x305a,0
0xd7c5,0
0x225cb,0
0xfa6e,0
0x208d2,0
0x1f905,-1
0x7b3a,-1
0x12901,-1
0x5867,0
0x213a3,0
0x10eb2,-1
0x30c8,0
0x86e3,0
0x1ab0e,0
0x12f15,0
0xf345,0
0x16eef,0
0xb241,-1
0x21936,0
0x7485,0
0x95aa,0
0x131b8,0
0xd66e,0
0x96eb,-1
0x1fcff,0
0x7aa1,0
0x9d44,0
0x1fc29,0
0x10216,1
0x79ae,0
0x10ed2,0
0x11c3a,0
0x137a0,0
0x30fb,0
0xd5b3,0
0xa702,0
0x134dc,0
0x1d7f8,1
0x201cb,0
0x1c4b7,-1
0x6f9a,0
0x1f9dc,0
0x1dfa8,0
0x203c3,0
0x219e2,-1
0x1977d,0
0xf3a7,0
0x450d,-1
0x182f4,0
0xa65d,0
0x235e0,0
0x9c99,0
0x1d5f9,0
0x2fcd,0
0x1a4b2,0
0x14327,0
0x1694b,0
0x1aa69,0
0x1e0a5,0
0x18d9,-1
0x1879,-1
0x2583d,0
0x87d8,-1
0x13d84,0
0x14716,0
0x10005,-1
0x144ba,0
0x1a565,0
0x1eb60,0
0x6a35,0
0x1e824,0
0x12c83,-1
0x2125f,-1
0xd5bf,-1
0x905c,0
0x1c9e6,0
0x16b96,0
0x102be,0
0x7194,0
0x1fec,0
0x922e,1
0xbe2c,0
0x1862c,0
0x7d65,0
0x12006,-1
0x8c6e,0
0xf090,0
0x23782,0
0x5227,0
0x2e20,0
0xeab4,0
0xc715,0
0x183cd,-1
0xe057,0
0x1e6c8,0
0x909c,-1
0x842b,0
0x1c34e,0
0xbdbe,1
0x1a9ad,-1
0x15ae6,0
0x1ca3b,0
0x14f86,0
0x8d6a,-1
0x7bd6,0
0x13543,-1
0x12451,0
0x3739,-1
0xc3e4,-1
0x3794,1
0x10b72,0
0x40e9,-1
0xb5c7,0
0x10a8e,0
0x18527,0
0x1ce43,0
0x1adc0,0
0x735b,0
0x17986,0
0x42e0,0
0xd899,1
0x12d73,0
0x8190,0
0x1dc6d,0
0x13cba,0
0xebc2,0
0x19db8,0
0x2f82,0
0x2af8,0
0x181f3,0
0xa525,0
0x13164,0
0x164b2,-1
0x129ec,-1
0xdf41,0
0x1cdfd,0
0xafde,-1
0x878e,0
0x2175,0
0xf2c4,-1
0x76ce,0
0x1d6f2,0
0x22374,0
0xd306,0
0x1bd8d,-1
0x1ee88,0
0x8f3a,1
0xdcd1,1
0x1e04e,0
0x184f,0
0x13ed3,0
0x17a8d,0
0x4fe0,0
0x1cbb1,0
0x1b10f,1
0x17ce4,0
0xb655,-1
0x1f936,-1
0x1d452,0
0xd7b3,0
0x19c2b,0
0x11e7e,-1
0x23c3c,0
0xfe25,1
0xc7f6,0
0x13ee3,-1
0x2e62,0
0x818d,0
0x14437,0
0x2327b,0
0xf5ad,0
0x11f56,0
0x740f,0
0xe8bb,0
0x24a0e,1
0x1b195,0
0x1e5ff,0
0xcecb,-1
0x13c05,-1
0x1b226,0
0x206b9,1
0x19f06,0
0xf549,0
0xbe88,1
0x1dde2,0
0x1a56,0
0x21d93,0
0x208ae,1
0x1bd38,0
0x1ab04,1
0x225bb,0
0x1f0f7,0
0xeaae,0
0x78f8,0
0x11abe,0
0x21c78,0
0x1412b,0
0x1ab42,0
0x182bf,-1
0x22ef6,-1
0x7bbc,0
0x1c29d,-1
0x1b9bd,0
0x1dbb1,1
0x14e05,0
0x1aad3,0
0xdc4a,0
0x6660,1
0x17bec,0
0x1248b,0
0x15adc,0
0x1331f,0
0xce92,0
0x9a57,0
0x11a47,0
0xf548,-1
0x1e1b6,0
0x2fc2,-1
0xab07,0
0x1420f,0
0x1b1a5,0
0xeb6f,0
0x2484c,0
0x11f2e,0
0x1e4c9,0
0xb6e2,0
0x1898f,0
0x7d01,0
0x1e2c4,0
0x1f958,0
0x21f3a,-1
0x1b32b,-1
0x6823,0
0x2051e,0
0x1bf6c,0
0x19acd,1
0x161f1,0
0xfeb2,0
0x1383d,0
0x7488,0
0x27af,0
0x3083,0
0xd21e,0
0xffb4,0
0x1b469,0
0x1994a,0
0x16de7,-1
0x1364a,0
0x185b7,-1
0xeca0,-1
0x31f2,-1
0x13b2e,0
0x174c9,0
0x12290,0
0xb537,1
0xa78f,0
0xb51d,0
0xb564,0
0x213d5,-1
0xe8ab,0
0x1c46c,0
0xec23,-1
0xc6cd,0
0x86be,-1
0x57ea,0
0xdc58,0
0xa25c,1
0x829f,0
0x24a3f,0
0x2623,-1
0x214eb,-1
0x5a83,0
0x190ac,0
0x1bf17,0
0x3090,0
0x9017,-1
0xa1b6,0
0x24ae0,-1
0x13659,0
0x16148,0
0x16dbe,0
0x1c636,0
0xc8cf,0
0x11328,0
0x1bdbd,0
0x11c93,0
0x16c1c,1
0x7605,0
0x1b262,0
0xf50f,0
0x4d32,0
0x14654,0
0x257c3,0
0x13608,0
0x12a69,0
0x13c68,0
0x18378,0
0x13522,0
0xc74c,-1
0xd158,0
0xbaa5,0
0x21bfe,0
0xaa2e,0
0x25e38,0
0x9571,1
0x3c0d,0
0x56a7,0
0x17c9d,0
0xc582,0
0x783c,-1
0x45a2,0
0x158f0,0
0x25f9,0
0x1b252,0
0xde00,0
0x5b80,-1
0x213f1,0
0x23688,0
0x12968,0
0x3ca3,0
0xfa92,0
0x8663,0
0x11f4c,0
0x4b7e,-1
0x40bd,0
0x5212,0
0x1b8fe,1
0x1241e,0
0x9655,-1
0xd1ac,0
0x16748,0
0x1ad8e,-1
0x1f97b,0
0x1a562,1
0x17121,0
0xfe0e,-1
0x16f08,0
0x1e1c7,0
0x24350,0
0x47c3,0
0x1c66e,1
0xb6be,0
0x16908,0
0xa3f8,-1
0x7e42,0
0x1d062,0
0x232c2,0
0xad11,0
0x1e7a5,0
0x1fa29,1
0x21f5f,1
0x18e60,0
0x1ecfd,-1
0x1d296,-1
0x13163,0
0x23b8d,0
0x8d98,1
0x16ad0,0
0x38f5,0
0x1a714,1
0x9bc1,-1
0x1fd6e,1
0x12ffd,0
0x740a,0
0x4696,0
0x20c70,0
0x11fda,0
0xe149,0
0x13831,0
0x673e,-1
0xc5b3,-1
0x18615,-1
0x1ce2b,0
0x1cb7f,0
0xd5ca,0
0x152fc,0
0x19e1e,0
0x1c65d,-1
0xbdfa,-1
0xe9dd,-1
0x2397d,0
0x9960,0
0xab6a,0
0x17d96,-1
0x1fb61,0
0x9879,0
0x8a2f,0
0xa261,1
0x11fa6,-1
0xe716,1
0x1a926,1
0x20647,0
0x176f2,0
0xf434,0
0x2bf4,0
0x24e6d,0
0x9823,0
0xcc19,0
0x16972,0
0x1b33a,-1
0x250c6,0
0x5270,0
0x236a,0
0x8fc3,-1
0x1fd54,0
0x1fafa,0
0x195a6,1
0x6770,0
0xa6de,0
0xbb9e,-1
0x8274,-1
0x8379,0
0x1b707,1
0xbac7,1
0x8c93,-1
0x14841,0
0xbe0f,1
0xcadd,-1
0x109e7,-1
0xc831,0
0x1662a,-1
0x1ea51,0
0x14827,0
0x24901,-1
0x25aee,0
0xdbd2,0
0x17f11,0
0x2051f,1
0x25e8b,0
0x9c2b,0
0x1e56b,0
0xa1e2,0
0xcdeb,0
0x1e7c3,0
0x21b05,0
0x22087,0
0x1b794,0
0x220f9,-1
0x1c5ae,1
0x8563,0
0x1abaf,0
0xb15b,0
0xe594,0
0x1cfac,0
0x121c8,1
0x162df,0
0x19305,0
0x41da,0
0xbebb,0
0x2c1a,0
0x23d72,0
0x1a349,0
0x15979,0
0x1ba2b,-1
0x6847,-1
0x6cc7,0
0x23179,0
0x13243,0
0xd3da,-1
0x1ff63,0
0x23eba,0
0x23a8,-1
0x12d1f,0
0x3edd,-1
0x14b9e,0
0x21fcc,-1
0x7d35,0
0x7577,0
0x13628,0
0x22fac,0
0x12677,0
0x138a6,0
0x1472e,0
0x4523,-1
0x9b30,0
0x21f7e,0
0x21ec4,-1
0x1dbb8,0
0x108d5,-1
0xda24,0
0x5e70,1
0x15e5f,-1
0x1bfde,0
0xd747,0
0xbae3,-1
0x69d5,0
0x1783,0
0x10367,0
0x16d5e,0
0x13ff5,0
0x25e36,0
0x1943a,0
0x180cc,1
0x19b0,0
0x20e7f,0
0x13160,0
0x5742,0
0x28bc,0
0x1a438,0
0x20ab2,-1
0x348a,-1
0x2504b,0
0x70ce,0
0x1e519,-1
0x16f15,0
0x1b127,0
0x20417,-1
0x6667,0
0xc4bb,0
0x6078,-1
0x1e8ac,0
0x19e55,0
0x21e22,0
0xe886,0
0xd4fa,0
0x21ba,0
0x74a0,-1
0x4bd9,0
0x1fd6b,0
0x22fa1,0
0x2979,0
0x1f26b,0
0x17113,-1
0x21ce3,0
0x1c5f6,-1
0xd48e,-1
0xa072,-1
0x18703,0
0xe634,1
0x33a8,1
0x1dbb0,0
0x10d59,1
0x2174,0
0xc699,-1
0x9331,0
0x1783f,0
0x23202,0
0x15a0f,0
0x14e6f,0
0x1e9c7,-1
0x9b1b,0
0xae15,0
0x1d57b,-1
0x7c4e,0
0x1d455,0
0x18cb2,-1
0x8d96,0
0xb03c,0
0x129a4,0
0x25eea,0
0x14ea4,1
0x25a0f,1
0x12e49,-1
0x1ccea,0
0x1b15b,0
0x2013a,0
0x25f57,1
0x1a062,-1
0x1fbd8,-1
0x18c99,0
0xcee7,-1
0x13642,0
0x1151e,0
0x63fc,0
0x192ea,-1
0x9a95,-1
0xc345,-1
0x1b036,1
0x21add,0
0xbbf5,0
0x12bdd,-1
0x1dc16,0
0xd365,0
0x20431,0
0x77ff,0
0x140ff,0
0x1ddbd,0
0x20002,0
0x18d5d,-1
0x61e8,-1
0x246b4,0
0xe2c5,-1
0x980c,0
0x13fd5,-1
0x1493e,-1
0x16d23,0
0x1239c,0
0xe559,-1
0x97da,0
0xd62d,-1
0x1df7a,1
0xa536,0
0x1d90f,0
0x71e4,-1
0x16a10,0
0x72c1,0
0xc56c,0
0x16c1a,0
0x18ea6,0
0xbb67,0
0x27bc,0
0x1c5b4,0
0x191d1,0
0x16d0d,0
0x1b984,0
0x1dcc2,0
0xac05,-1
0x87c1,0
0x17392,0
0x242e5,0
0x20532,0
0x1744e,-1
0x2ff1,0
0x5262,0
0xf4bd,0
0x28ba,0
0x529e,0
0x1a61a,0
0x1ba20,0
0x1a919,0
0x10280,0
0x13a48,0
0xe45c,0
0x144d6,0
0x23985,0
0x302b,0
0x30eb,0
0x18bd9,0
0x17b5d,0
0xd728,-1
0x250b1,0
0x1fe52,0
0x3c4f,-1
0x10463,0
0xf7e0,0
0x25aab,0
0xf12d,0
0x2027b,0
0x1584a,0
0x9aa1,0
0x25823,0
0x3a94,0
0x22005,0
0x17386,0
0x10ada,1
0x22c73,0
0x20efe,0
0x1ca33,0
0x6379,0
0x2237f,0
0x19eb,0
0x12624,0
0x19cbd,0
0x1f40,0
0x11941,0
0x2fe9,0
0x25ace,0
0x211b7,0
0xe6ef,-1
0x25371,0
0x136c4,0
0xd569,0
0xf39d,0
0x1b69a,-1
0x13d79,0
0xf7af,-1
0x54c8,0
0x7c28,0
0xa814,0
0x1311a,0
0x1e0ae,0
0x1a661,-1
0x13794,0
0x19972,0
0x170e5,-1
0x12639,0
0xb7a8,0
0x1079b,0
0x6bc5,-1
0xf920,-1
0x5f49,0
0x25b5d,0
0x20005,0
0xe5e0,0
0x118f3,-1
0xd70c,0
0x12279,-1
0x2210a,0
0x1f896,1
0x50b5,0
0x13dbe,0
0x1229d,0
0xd8ba,-1
0xf891,0
0x252be,0
0x197e7,0
0x1c942,0
0xc84a,0
0x88e0,0
0x204e5,0
0x47b6,0
0x1f0f3,0
0x7435,-1
0x5d0a,0
0xcb3a,0
0x1a3ee,0
0x10040,0
0x22f4e,0
0x18981,-1
0xa3c8,0
0x18b7a,0
0x1ed29,0
0x103b6,0
0x1946d,-1
0x175c5,0
0x1d72a,0
0x1dda5,1
0xceb6,0
0x230e2,0
0x2445c,-1
0x5ab0,0
0x1bbb3,-1
0x16d0a,0
0x15dec,0
0x15a08,-1
0x15982,-1
0x22770,0
0x18219,0
0x6cb0,0
0x5e72,1
0x2d18,0
0x2bdb,0
0x11412,0
0x6759,0
0x1f910,0
0x338b,0
0x18a43,0
0x1f43,0
0x143c0,-1
0x23cb5,0
0x5648,0
0x10f8c,-1
0xdfe9,0
0x2f33,0
0x1da08,0
0x2f49,0
0x1236b,0
0x330b,0
0x5c24,-1
0x17bac,0
0x42a8,1
0x1375f,0
0x176e4,0
0x4626,0
0x15adb,0
0x11416,0
0x1269d,0
0x21ae6,0
0xcb18,0
0x752c,0
0x1f430,-1
0x39de,0
0x162e0,-1
0x5d31,0
0x20e75,0
0x407d,0
0x24bab,1
0x11e5a,-1
0x194a0,0
0x18f50,0
0x165ea,0
0x3f77,-1
0x17024,0
0x1dcad,0
0x240a9,0
0x1445a,0
0x715f,0
0x12ddb,0
0x90e5,0
0x1b7ac,0
0x1565c,0
0x16ae8,-1
0x19a55,0
0x747c,-1
0x1aef7,0
0x20001,0
0x20cfd,-1
0x25ea5,0
0x20117,1
0x10c0e,1
0x129ed,0
0x1a378,-1
0x165ec,0
0x1c7d8,0
0x1f9ae,1
0x3e7a,0
0xe055,-1
0xfb22,0
0x199e9,0
0xec0c,-1
0x16ae7,-1
0x20ab3,0
0x20ea3,0
0x9fa3,0
0x8fad,-1
0x6579,-1
0x20adf,0
0x5662,0
0xdd5e,1
0x23286,0
0x1aaa8,0
0x13b79,0
0xec4a,0
0x17c32,0
0x2444f,-1
0x23f34,-1
0x19306,0
0x24900,0
0x10f7d,1
0x17586,0
0x1c689,0
0x8087,-1
0x1f765,0
0x20f4d,0
0x12ac4,0
0x1d5d1,1
0x25427,-1
0x25127,0
0x112b6,0
0x896a,0
0x4763,0
0x140d0,0
0x192d9,0
0x788b,0
0x18740,0
0x2311e,0
0x25962,-1
0x174ca,-1
0x22457,0
0x1bf22,1
0x14326,0
0x228af,0
0x188ff,-1
0x16959,0
0x1b09c,-1
0x14a3a,0
0x17814,0
0x7c98,0
0xcb1c,0
0x19f3f,1
0x15743,0
0x25d54,-1
0x2468a,0
0x1f5a5,1
0x245c2,0
0x12b33,0
0x1c9ac,0
0x8150,0
0x13546,-1
0x1bcf6,0
0xefa8,1
0x161db,0
0x1dfb6,0
0x1bd34,0
0xf34e,-1
0x19069,-1
0xdb9d,-1
0xcb1d,0
0xa04c,0
0x16757,-1
0x2050e,0
0x4bcc,0
0x2326f,0
0x19278,0
0x7208,-1
0x2439b,-1
0x15bd8,0
0x4a33,-1
0x4dda,-1
0x1760,-1
0x14e7a,0
0x151a1,0
0x4ad9,0
0x15eab,-1
0x281e,0
0xd2c9,0
0x10d0f,0
0x250ac,1
0x1bb77,0
0x7135,0
0x19005,-1
0x6241,0
0x119b6,0
0x170a1,-1
0x14ade,0
0xe56e,0
0xce53,0
0x158cc,0
0xed16,0
0xb6c2,0
0x10a35,0
0x11202,-1
0xed5c,1
0x20918,0
0x1b091,1
0x8988,0
0x1173b,0
0x15cfa,0
0x1ce5f,-1
0x1aed1,-1
0x129d7,-1
0x20fd6,0
0x18b11,0
0xf8d8,0
0x1c140,0
0x1cd28,0
0x162cb,0
0x6d3f,0
0x17cac,0
0x18097,0
0x1271b,0
0x2114e,1
0x10a9a,-1
0x8b8b,0
0x119b3,-1
0x2004,-1
0x14d80,-1
0xb49a,0
0x220f6,-1
0xfe0a,-1
0x1b81c,0
0x238ba,0
0xabbd,0
0x1e264,0
0xc0e0,-1
0x1bb01,0
0x21a97,-1
0x6eb6,0
0xd192,0
0x4a6f,0
0x4c06,0
0x18e6d,0
0xdcbb,0
0x10399,0
0x1af19,-1
0x1ea14,0
0x13693,0
0x5d38,-1
0x60a8,-1
0x1fb8a,-1
0x8f2f,-1
0xe87e,-1
0x1f904,0
0x1f513,0
0x22547,0
0x23c41,-1
0xab1e,0
0x1eae1,-1
0x51a4,0
0x1c7cc,0
0x203fd,0
0x784e,-1
0x5b7d,-1
0x3c3a,1
0x18d05,0
0xa879,1
0xb76b,0
0x20a39,0
0x224cd,0
0xa8a9,0
0x1d4f1,-1
0x159ee,0
0x1ba62,0
0x1b768,1
0x167c5,-1
0x419a,-1
0xc98e,0
0x15369,-1
0x196af,0
0x9673,-1
0x24985,1
0x1d5b8,0
0x15769,0
0x2243c,0
0xd37f,0
0x16ea3,0
0x150f8,0
0x16243,-1
0xfb25,0
0x1dfd9,0
0x8d54,-1
0x1ea73,0
0x199d0,0
0x1f2b5,-1
0x2435e,1
0x4ba9,0
0x3e9a,-1
0x1b050,-1
0xc2ca,-1
0x72fc,0
0x10068,0
0x242c0,0
0x22d0f,0
0x1e45c,-1
0x10942,0
0x1d5f7,0
0x1ebdd,0
0x9129,-1
0x1272d,-1
0xa2fa,0
0x159a9,-1
0x20832,0
0xf4a0,0
0x18c2b,0
0x1eefe,0
0xd0c9,0
0x2162f,-1
0x14b15,0
0xa5a3,1
0x5588,0
0x1c19f,0
0x42bc,-1
0x258d,0
0xd126,0
0x14ad8,0
0x3e22,0
0x161e4,0
0x1c779,-1
0x1934c,0
0x12f19,0
0x1454d,0
0x206f5,0
0x23e7f,0
0x10afc,-1
0x1f27,0
0x165bc,0
0x18b84,0
0x2349d,0
0x3c5d,0
0x16e77,0
0xe39f,0
0x4ea8,-1
0x1b1a2,0
0x1d989,-1
0x1d4bb,-1
0x181b7,0
0x2093,-1
0x125a0,0
0xaf56,-1
0x1bb3f,0
0xeb5b,0
0x22576,0
0x7674,0
0xe51b,0
0x1ed65,0
0x24505,-1
0x491f,0
0x1bb3b,0
0x7a8f,0
0x353b,-1
0xd242,0
0x20b93,0
0x560b,0
0x1ab99,0
0xe142,0
0x2468b,0
0x1e74e,-1
0x12435,-1
0x25969,-1
0x16acc,-1
0x184e8,0
0x1a3c3,0
0x2586,0
0x12ca4,0
0x97e7,0
0xb4d4,0
0x24570,0
0x248dc,-1
0xe0e9,-1
0xae66,0
0x1d36a,0
0x16524,-1
0x12ee9,0
0x2e7c,0
0x2159b,0
0x2812,0
0x19d64,0
0x22c26,0
0x13eee,-1
0x10a02,1
0x23b70,0
0x6741,-1
0x2503f,0
0x232b9,0
0x10809,0
0x1724b,0
0xb7d5,0
0x596e,0
0xee08,0
0x6ffb,0
0xc494,0
0xdbbd,0
0x223ba,1
0x250de,-1
0x1c54f,0
0xc016,0
0xe460,0
0x1f98b,0
0x1febf,1
0xe75e,1
0x1c387,1
0xf3ed,0
0x1a3c0,0
0x5cfb,0
0x1fc9f,0
0x8be9,0
0xa5b4,0
0x1e39c,0
0xb58d,0
0x25911,-1
0x17c7d,-1
0x34ed,0
0x24aff,0
0xe655,0
0x62d9,0
0x16ca2,-1
0xabe2,1
0x1a782,0
0x1dd37,0
0x1673c,0
0x112c7,0
0x14e1b,1
0xbea3,0
0xa009,0
0x77ca,0
0x1bc19,0
0x22042,0
0x18996,0
0xd839,0
0x4297,0
0xab45,0
0x6d5c,0
0x18ba6,0
0x1985b,0
0xece8,-1
0x14e65,-1
0x3816,0
0x8737,-1
0x134ac,-1
0x19a2f,0
0xad05,-1
0xa9d2,0
0xea1f,1
0x1525e,-1
0x82f8,-1
0x7269,0
0x2ef4,0
0xc9fc,0
0x1e09c,0
0x1a532,0
0x1f4e6,0
0x2001a,0
0x24618,-1
0x207c9,-1
0x17ece,0
0xbd98,0
0x17e3f,0
0x28f4,0
0x1aaec,0
0x6af5,0
0xa43a,0
0x1504e,0
0xa49c,0
0x1e969,0
0xd909,0
0x224a9,0
0x1953b,1
0x219fa,1
0x18a92,0
0x2210f,-1
0x1506c,-1
0x177cb,0
0x1b228,-1
0x1cd57,0
0x25598,0
0x258fa,0
0x20768,0
0x17416,0
0x1a5af,0
0x1800b,0
0x12c1e,-1
0x1ca1,0
0xb55c,0
0x12390,-1
0x22e81,0
0x8d3c,1
0x135fb,0
0x24abc,-1
0x15c47,-1
0x12f23,0
0x1c800,0
0x12345,0
0x14629,0
0x6dc5,0
0x1ed13,0
0x1a9b8,0
0x9016,0
0x13313,-1
0x25722,-1
0x1c88b,-1
0x17019,0
0x7c27,0
0xb482,0
0x6a40,0
0x5bb7,-1
0x1daef,0
0xf9bb,0
0x243f9,-1
0x2204d,0
0x1ce52,-1
0x3409,0
0x797e,0
0x23443,-1
0x139d3,0
0x17c59,0
0x1d72e,0
0x23fd7,0
0x6848,-1
0xeb5c,1
0x5d76,0
0x1d869,0
0x2129f,0
0x224d8,0
0x1e8b9,0
0xc486,0
0x218fa,0
0x3fed,-1
0x2fc3,0
0x2437,-1
0x22af1,-1
0x1b819,-1
0x2462c,0
0xe11e,0
0x15fcb,0
0x21017,0
0x1dc76,0
0x202e9,0
0xe7d6,0
0x25e84,-1
0xcc67,0
0x1e31f,-1
0xa8f1,-1
0x7e50,-1
0x10824,0
0x92b4,0
0x2312b,0
0x107ef,1
0x1bc5c,-1
0x22f67,0
0x1deed,0
0x204a6,-1
0x1152c,0
0x1c46a,0
0x6e89,0
0x15d10,0
0x14382,0
0x13f87,0
0x23e04,0
0x16bb4,0
0x8802,0
0xaec7,0
0x171a4,0
0xfbab,0
0x1dd52,0
0x10e50,1
0x1889a,0
0x22cf9,0
0x20aa5,-1
0x15e9c,-1
0x171b4,0
0x22237,0
0x22a63,0
0xe6fa,0
0x9eb3,0
0x70ab,-1
0x234bb,0
0x62b8,0
0x19b6b,0
0x34ce,-1
0x2eac,0
0xf8e6,0
0x1f537,0
0x11b58,-1
0xfb35,-1
0x1cd02,0
0x21f06,-1
0x1a8f6,0
0x1a946,0
0xa3e9,-1
0x1751f,0
0x170e8,-1
0x8f11,0
0xa3c4,1
0x8983,0
0x1cbee,-1
0x203b8,0
0x17f94,1
0x1cc28,0
0x10bea,0
0x14f22,0
0x229a3,0
0x2288c,0
0x25b0c,0
0x2415d,0
0xd266,0
0x17595,0
0xca8a,0
0x24b63,1
0x1ebd9,0
0x2f0e,-1
0x238d4,0
0xbd81,0
0x21d5d,1
0x25ae,-1
0x7c29,0
0x968f,0
0x1895f,0
0xf558,-1
0x9758,-1
0x7b2a,0
0x10af1,-1
0x137a1,0
0x10a24,0
0x16157,0
0x11e27,-1
0x6f96,0
0x1ec3d,0
0x14436,-1
0x44b2,0
0x815b,0
0xa454,-1
0xf601,0
0x11e86,0
0xecf2,1
0xf0c1,0
0x15444,0
0x136e8,0
0xb1b0,0
0x1d67c,-1
0x5333,-1
0x20e2a,0
0x1b729,-1
0x1aa2f,0
0x20f04,0
0x11b57,0
0x22f8d,0
0xfd95,0
0x53db,0
0x103f3,1
0x138be,0
0x22e16,0
0x18f6c,0
0x1cf03,-1
0x21104,-1
0x3f37,-1
0xeae3,0
0x495b,1
0x1997c,0
0x1dc7a,0
0x78cd,0
0x20edf,-1
0x199d5,0
0x3c07,0
0x2327d,0
0x121ae,0
0x15e55,0
0xf5fc,0
0xc23e,0
0x22cc9,0
0x20ea5,0
0x917b,0
0x187e7,0
0xabf0,-1
0x22b73,0
0x16728,0
0x18d6,0
0x5d5a,0
0x1103b,0
0x17b27,0
0x24501,0
0x44e2,0
0x1f321,0
0x12042,1
0x1b6d7,0
0x13b09,-1
0x1f32b,0
0x52e0,0
0xd2ee,0
0xb4f9,-1
0x1cd29,-1
0x1d90c,0
0x1c2fb,0
0x113e5,0
0xd057,0
0xfc12,0
0x17b8c,0
0x57c1,0
0x37f4,0
0xde0c,0
0xbd84,0
0x4f5b,0
0x14235,0
0x97db,-1
0x18222,0
0x13d1b,-1
0x4606,-1
0x1fd8e,0
0x11fc5,0
0x1155b,0
0x25e08,0
0x23b45,0
0x24a4c,1
0x1eec3,-1
0x18a20,0
0x12d8a,0
0x135bd,0
0xb3b3,0
0x1d00f,0
0xb9cd,0
0x15e84,-1
0x21b03,-1
0x1ab62,0
0xaa0c,0
0x628f,0
0x74f3,-1
0x1d902,0
0x214de,0
0x1905c,0
0x2e64,0
0x169cf,0
0x20e50,0
0x3683,0
0x1c8b0,0
0x16d1c,0
0x18540,0
0x515f,0
0x24707,1
0x1f85e,0
0x20fab,-1
0x2178b,0
0x22acc,-1
0x184ce,0
0x17fd8,0
0x8594,0
0x8e39,-1
0xf8dc,0
0x1a112,0
0x17fbe,0
0xd939,0
0x3c38,0
0x1a0c4,-1
0x2139d,-1
0xc6f0,1
0x3f80,0
0x17bd3,0
0x22aef,0
0x1bd62,0
0x26fc,0
0x15192,0
0x1c52f,0
0x6ddd,1
0x1936,0
0x17154,0
0xc642,-1
0x14259,0
0x437a,-1
0x5d97,0
0x15bdc,0
0x1b56b,0
0x77dd,-1
0x7c8c,0
0x11cff,0
0x4e80,0
0x12be5,0
0x1384f,0
0x17989,0
0xda9b,0
0x1c825,0
0x1164d,0
0xb766,0
0xdea8,0
0x168eb,0
0x1139b,-1
0x22f26,0
0x534b,-1
0x1fb2f,0
0x16ab9,-1
0xeede,-1
0x9407,0
0x24a70,0
0x13bb3,0
0xcb95,0
0x1bd7d,0
0xc06c,0
0x1e84,0
0x79cf,0
0x1878b,0
0x2b99,0
0x3bf4,-1
0xcae8,0
0x209a,0
0x13f0f,0
0x39e0,-1
0x15156,0
0x1611a,-1
0x1fe48,0
0x1d8a3,0
0xc493,0
0x5353,0
0x476a,0
0x14274,0
0xa764,-1
0xde99,1
0x129c8,0
0x1bafe,0
0x177a2,0
0x24529,-1
0x1e121,0
0x3584,0
0x1889d,0
0x94a1,-1
0xce35,-1
0x1061d,0
0x13d48,0
0x1fe9c,0
0xc85f,-1
0x11ce7,1
0x5f24,0
0xb5c9,1
0x17e6f,-1
0x1cef1,0
0xf40f,0
0x479e,0
0x3224,0
0xd118,0
0x12ba8,1
0x20866,-1
0x14d8c,0
0x1c27e,0
0xe5ff,0
0x24486,0
0xf4e8,1
0x18d93,0
0x22069,0
0x174b1,-1
0x6f2f,0
0x6a2c,0
0x23274,0
0x1c0cf,0
0x1ba2a,0
0x16f73,0
0x14715,0
0x1ba80,1
0x14f83,-1
0xf1f6,1
0x238a1,-1
0x18de0,0
0x560d,0
0x6a9f,-1
0x1ae11,0
0xa61e,0
0xf7e8,1
0x18b3e,0
0x76bc,0
0x1dc7b,0
0x14f53,0
0x23f3,1
0x23e02,0
0x66a4,0
0x1455a,0
0xbcff,0
0xb785,0
0x12c09,-1
0x1638c,1
0x205f3,-1
0x1d9da,0
0x5026,-1
0x25033,-1
0x12827,-1
0x344f,0
0xd9c8,0
0x3e35,0
0x1eeef,0
0x240a3,0
0x1bf19,0
0x1253e,0
0x114fd,0
0x4792,0
0x24698,0
0x67ac,0
0x11c25,0
0x1c579,-1
0x1e8d7,0
0x1e7b9,-1
0x24007,-1
0xed2a,0
0xdc40,0
0xd705,0
0x238c2,-1
0x15ca7,0
0x144fd,0
0x1980a,0
0x1a0b8,0
0x1ec24,0
0x1ae34,0
0x23bce,0
0x16ff2,-1
0x7603,0
0x10336,0
0x56e4,1
0x3ec4,0
0x19392,0
0x1b895,0
0x1e0e1,0
0x1df10,-1
0x64dc,0
0x1bf9d,0
0xb33e,0
0x4176,0
0xaa55,1
0x1470a,0
0x2c35,0
0x1c460,-1
0x20152,-1
0x25458,-1
0x3494,-1
0x144bd,0
0x71dd,1
0x14c54,0
0xf2e6,0
0x35fd,0
0x19ce0,0
0x1ce68,0
0xa627,0
0x5499,0
0x1442e,0
0x198cc,0
0xcf6d,0
0x74b8,0
0xd29d,0
0x174ba,0
0x1a8ab,0
0x16a0f,0
0x23c28,0
0x91ed,-1
0x22250,0
0xdf45,-1
0x2a0b,0
0x1179a,0
0x1a6cf,0
0x22af5,-1
0x1eac3,0
0x1ab68,0
0x9bd0,-1
0x9115,0
0x9a66,0
0x1cd64,-1
0xfb71,0
0x1854,0
0x794f,-1
0x17730,0
0x77c1,0
0x14c7c,0
0x506a,0
0x15e6c,0
0x1b053,0
0x193c3,0
0x17fe2,-1
0xc2e6,0
0x22cd4,0
0xa537,0
0x13f14,0
0xc823,0
0x1910b,-1
0xc98a,-1
0x18d5c,0
0x1aab4,1
0x5993,1
0x23f90,0
0x18403,0
0x233fe,0
0x1d046,0
0xabe1,1
0xa55b,-1
0x24c19,0
0x1418a,0
0x2596f,-1
0x11c0f,0
0x18af7,-1
0x182c1,0
0x1bfe1,0
0x7515,-1
0x24559,0
0x105c8,0
0x20256,0
0xea61,0
0xb01a,0
0xc7af,0
0x17d76,0
0x22489,0
0x16a58,0
0xf08a,0
0x2399e,0
0x4b24,0
0x389b,1
0x339a,0
0x1d952,1
0x25e9b,0
0x1bc24,0
0x1f542,0
0x23271,0
0x1268a,1
0x23715,0
0x5a4f,0
0x1b3f9,0
0x1b901,0
0x3e3a,0
0x5866,0
0x158a6,0
0xefa9,0
0xbf3e,0
0x21da3,0
0x26a7,-1
0x25250,-1
0x196e7,0
0x687b,0
0x1beaa,0
0x5b88,0
0x12cc1,0
0x723a,0
0x109f4,0
0x10a47,1
0x2471e,0
0x7b3c,0
0x1a83,0
0x1afe5,0
0xd416,-1
0x1e781,0
0xbd31,0
0x10fab,1
0x1ea29,0
0xb779,-1
0x1f2ec,0
0x1e23a,0
0x133ae,0
0x20ef,0
0xfc4e,0
0x1e42c,-1
0x149ce,1
0x1a94d,0
0x1da13,0
0x1e644,-1
0x1d362,0
0x1c336,0
0x22f7b,0
0xbce2,0
0x20c0c,0
0x10c1f,0
0x17e64,0
0x1b6b,1
0x1434d,-1
0x24715,0
0x8b7d,-1
0x1e259,0
0x20f47,0
0x25ac2,0
0x246d2,-1
0x2117d,1
0x240a8,0
0x1091c,0
0x19944,0
0x1ff2c,0
0x37ea,0
0x195fd,0
0x1f128,0
0x12b1a,-1
0x5215,-1
0x6b03,0
0x1d79,-1
0xb4a5,-1
0x20cfb,0
0x24a0f,0
0x846b,0
0x38da,0
0xe81e,-1
0xd3f3,0
0xe811,0
0x11eae,0
0xcbf4,0
0x6c5c,-1
0x126d9,0
0x21d9f,0
0xadb6,0
0x22ba6,-1
0x1b037,1
0xd3ae,0
0xca1b,-1
0x21f37,0
0x250ea,0
0x6c2f,0
0x10b00,0
0x220ae,0
0x163c2,-1
0xd1b4,0
0x14722,0
0x1dc2,0
0xa308,0
0x1a41f,-1
0x4333,0
0x11065,-1
0x4b68,-1
0x34d0,0
0x1d3f5,0
0x22efc,-1
0x25a0e,0
0x2dc6,-1
0xbc4c,0
0x238a2,-1
0x423b,-1
0x149f0,0
0xc8ee,0
0x5325,0
0x46f6,-1
0xf105,0
0x57f8,0
0x1917c,0
0x12891,0
0x1d197,1
0x1d6e4,-1
0x195d3,1
0x1657,0
0x15199,0
0x19cb7,1
0x1747,0
0x1c838,0
0x2489d,0
0x20df1,0
0x2392e,0
0x1b197,0
0x3457,0
0x24e86,-1
0x1e24c,0
0x1e112,-1
0x11db2,0
0x9b61,-1
0x1383a,0
0x12c5f,0
0x4c51,0
0x24cdf,0
0xa7a8,1
0x98ca,1
0x13c26,0
0x1c452,0
0x168e3,0
0x1f026,-1
0xb106,0
0x668b,0
0x1f04f,-1
0x18cb,0
0x1d979,1
0x2587e,1
0x11b94,0
0x196bd,0
0x219b0,0
0x143f3,0
0x2162b,-1
0x18bdb,-1
0x15742,0
0xc2cc,0
0x15bb8,-1
0x135e2,0
0x15f52,0
0x21175,0
0x1859a,0
0x220c7,0
0x1010b,0
0x14a49,0
0x4560,1
0xc5f2,-1
0x1b044,-1
0x201cd,-1
0x1ed38,0
0x8054,0
0x1f4b5,-1
0x15218,1
0x1bb59,0
0x890c,0
0x126fa,0
0xcbff,0
0x1b6e2,1
0x1bb9a,-1
0xd5d2,-1
0x4605,0
0x140b8,0
0x4de6,-1
0x2016,0
0x113fe,0
0x23bbc,-1
0x3c84,0
0xf9d8,-1
0xaa77,0
0x21c83,-1
0x1670f,0
0x10a3e,-1
0x1a3f0,0
0x23423,0
0x1ed27,-1
0x30b1,0
0x24c98,-1
0x1a389,0
0x21b4,0
0xe214,1
0xb8fe,1
0xc25f,0
0x16d61,1
0x1a78b,0
0x223d2,-1
0x168df,0
0x213eb,0
0x1d93e,0
0x18322,0
0x1d0e4,0
0x1a1f6,0
0xd038,1
0xee39,0
0x157ae,0
0x24dff,0
0x1277f,0
0x19e49,0
0x2477d,1
0x5709,0
0x14e98,0
0x20a6c,0
0x1d3e4,-1
0xaf03,1
0x16b6b,0
0x1dfa6,-1
0x1b374,0
0x1b246,0
0xecdb,0
0xbf6d,0
0x24277,0
0xc53b,-1
0x172a1,0
0x19238,0
0x17925,0
0x25aa1,0
0x1d683,0
0x99a4,-1
0x6c23,-1
0x3e3d,-1
0xe93e,0
0x2306a,0
0x39ba,1
0x122fa,1
0xe9e7,-1
0x1947b,-1
0x22793,0
0xad76,0
0x227b5,0
0x5918,-1
0x65aa,0
0x19965,0
0x15857,0
0x2029,0
0x11814,0
0x1fad6,-1
0x1127f,-1
0x25603,0
0x18c37,0
0x23004,0
0x2155e,0
0x1f065,0
0x131be,-1
0x29d8,0
0x1ff11,0
0x1962a,0
0x12b28,0
0x191be,0
0x208c2,-1
0x8a17,0
0x1d4ca,-1
0x16c2b,0
0x2343d,0
0xfe31,0
0x2129d,0
0x1d0a6,0
0xcc8d,0
0x1966e,0
0x13afe,0
0xf4b9,0
0xccc7,-1
0x22927,0
0x22b23,0
0x83ef,1
0x16ede,0
0x1c39f,-1
0x1e45b,-1
0x1d0fd,0
0x1b743,0
0x4cc2,0
0x25e50,1
0xd6f9,0
0x11a14,-1
0x1b8ee,0
0x25adb,-1
0x224fa,0
0x4860,-1
0x95ab,1
0x202a3,0
0xabcc,0
0xe0da,0
0x22697,0
0x24e11,-1
0x66e2,-1
0x155a0,0
0x19b7e,0
0x1450e,-1
0x1b493,0
0x9e4d,0
0x1c890,0
0x24a8d,0
0x6606,0
0xc55f,1
0x7364,0
0x24750,-1
0xc9c7,-1
0x4c5a,1
0x5213,-1
0xc098,0
0x20827,-1
0x13561,0
0x1b337,-1
0x10a9b,-1
0x1793e,0
0xbe64,0
0x1b5d1,-1
0x14826,0
0xc33b,0
0x3561,0
0x17ce2,0
0x17602,-1
0x521c,0
0x2066e,0
0x8bab,0
0xb682,0
0x1805d,0
0x1bdf3,0
0x1de1b,0
0x16d9a,0
0x1e217,-1
0x23cd8,0
0x13cdb,0
0x1a37d,0
0x25208,-1
0x143a8,0
0x19aca,0
0x58d1,-1
0x5f55,-1
0xa5f7,0
0x17eae,-1
0x9a98,0
0xc0f6,0
0x771a,-1
0x7688,0
0x18c6,-1
0x23311,-1
0x1121a,0
0x4965,1
0x17241,0
0x16f37,0
0xea50,0
0x18d40,0
0x1d2e0,0
0x17305,1
0xbc3c,0
0x1d4f0,0
0x958e,0
0x1bab9,0
0x2ef7,0
0x2b7c,0
0xb06a,-1
0x1e8d1,0
0x10d64,0
0x14dd5,0
0x1ae6e,1
0x838e,0
0x1a858,0
0x1a8ff,1
0x8161,0
0x15f20,-1
0x25f8d,-1
0xf499,0
0xd147,0
0x1f9aa,0
0x12a86,-1
0x14ab5,0
0x12cf9,0
0x1456f,-1
0x1a106,0
0x195bd,1
0x206f3,-1
0x166a0,0
0x1f771,-1
0xb00c,0
0x655e,1
0x2e4e,0
0x10e78,0
0x14d6a,0
0xe826,0
0x2537f,0
0x574f,0
0xba3a,-1
0x1607c,0
0xd13f,-1
0x25ac5,0
0x99b4,0
0x1b84d,-1
0x1a72e,0
0x14466,-1
0x13400,0
0x12d1d,0
0x3ca4,-1
0x1985d,0
0x8063,1
0x4370,0
0x543b,-1
0x1ffb8,0
0x25dd1,0
0xef90,-1
0x15055,-1
0x1c095,0
0x1b78a,-1
0x24c61,0
0x11f3b,-1
0x1a7c9,-1
0x35a7,0
0x22a25,1
0x8a2c,0
0xc797,0
0x9c91,0
0x3535,0
0x21aaa,0
0x235d2,0
0x7351,0
0x97dd,0
0x7b4e,-1
0xdb9c,-1
0x8e35,0
0x17f56,0
0x20a14,0
0x1f013,1
0x247aa,0
0x18023,0
0x1d796,0
0x225b0,0
0x1bcd2,0
0x18489,1
0x1e786,0
0x5d07,0
0x1262e,-1
0xb833,-1
0x932d,0
0x14467,0
0x4c07,0
0x13044,0
0x2447a,0
0x16e66,0
0x22e5f,0
0x16a35,0
0x2525c,0
0xe0d9,0
0x21376,0
0x21084,0
0x1ec1,0
0x1f49d,0
0xcf55,-1
0x4b23,0
0x1b59d,0
0x19bfd,-1
0x17abd,0
0x1fe4f,-1
0xe06a,-1
0x1c3ac,0
0x3abb,0
0x1778b,0
0xcbd9,0
0x14d9d,0
0x18b87,0
0xd823,0
0x21f0c,0
0x1cd4c,0
0x107aa,0
0x6617,0
0x191ce,0
0x10065,0
0x10a18,1
0x5fe4,0
0x20513,0
0x1295f,0
0xf7df,-1
0x10d84,-1
0x34ae,0
0x13867,-1
0x22b1e,0
0x1221c,-1
0x5149,-1
0xad95,0
0x14095,0
0x253f,0
0x22e54,0
0x253ac,0
0x150e5,0
0x177b4,0
0xe4c6,0
0xb3f2,0
0xfa63,0
0x22cc3,0
0x76c3,0
0x2348,0
0x9fbb,0
0x136e0,1
0x1df59,0
0x12a94,-1
0x1b8b2,0
0x1a419,0
0x14b81,1
0x8eba,1
0xbda5,0
0x1a3e3,0
0xf56c,-1
0x23d8b,-1
0xa372,0
0x1ccad,-1
0x2084f,0
0x20390,0
0x8b14,-1
0x25ec0,0
0xacf8,0
0x24680,0
0x85ed,0
0x6da3,0
0x13696,0
0x155f2,0
0x1aeff,1
0x19097,0
0x15943,0
0x24c74,-1
0x183a3,1
0x3e04,0
0x2492a,0
0x7de9,0
0x106ae,0
0x14f16,0
0xfa37,0
0xf798,0
0x9d88,0
0x251c2,0
0x1b8a6,0
0x8258,0
0x1d9d6,0
0xcc5a,0
0x1f93f,0
0x164a6,0
0x16f5d,0
0x1edb0,0
0x108ee,0
0x112a3,0
0xf23f,0
0x2513c,-1
0x2003a,0
0x1528f,0
0x12c8f,0
0x2513b,0
0xde0d,0
0x22d0,0
0x1c988,0
0x7758,0
0x3dac,-1
0x1a1bf,0
0x1adfb,-1
0x15c99,0
0x15f01,0
0x1b6c7,0
0x879b,1
0x5bba,-1
0xaa18,-1
0x1ddb,0
0x1de51,0
0x4959,0
0x1ec60,0
0x22581,0
0x1a1af,0
0x4760,1
0x7a29,0
0xf606,0
0x13ac5,0
0x12c37,0
0x23ab1,0
0x161ce,-1
0x21174,0
0x1e1aa,0
0x16465,0
0x24375,-1
0x1c159,0
0x19b22,0
0xcadf,0
0x2cb5,0
0x136a4,0
0x1089d,-1
0x1ae92,0
0x11a0b,-1
0x22cc7,0
0x8330,1
0x1b706,0
0x127c2,0
0x2430a,0
0x3d4e,0
0x1ecd5,-1
0x1aac,-1
0x326b,1
0xe688,0
0x1bd7c,0
0xd5cc,0
0x16a05,0
0x12f96,0
0x1ad4e,-1
0xf824,-1
0x18c38,0
0xb42c,0
0xb029,0
0xba3d,-1
0x1a9a6,0
0x566a,0
0x21589,-1
0x824c,0
0x17d0b,0
0x527e,1
0x22bc8,-1
0x12fb4,0
0x16ba9,0
0xca2a,0
0x1942,0
0xcd27,0
0x22fc7,0
0x158ef,0
0x3c0a,0
0xcaf9,0
0xd7f1,-1
0x18080,0
0xe0fa,0
0xed38,0
0xe2bc,0
0x189a2,0
0x23aa7,0
0xacd3,0
0x17709,-1
0xe359,-1
0x4636,0
0x9fe1,-1
0x21c55,0
0xcc55,-1
0x21810,0
0x79e9,-1
0x1be6a,0
0x34d5,0
0x16bc7,0
0xaba4,0
0x5eea,0
0x6194,0
0x812b,0
0xdfd2,0
0xfbc2,0
0x25ca4,0
0x1bb3d,0
0xc0e1,-1
0xe953,-1
0x12eda,0
0x19a7a,-1
0x101da,0
0x7dbf,1
0x5b75,0
0x1ddbb,0
0xa25f,1
0x125ca,-1
0x1cef9,0
0x1f236,0
0xff21,-1
0x12622,-1
0xd91d,0
0x1d8e1,0
0x11233,0
0x15317,0
0x13a0b,-1
0x16f50,0
0xb442,0
0xceaa,-1
0x173ce,-1
0x18d3e,0
0x1e8e,1
0x120a7,1
0x19fdb,1
0x4513,0
0xe7bf,-1
0x8e89,0
0x21645,0
0x1e588,1
0x1e690,-1
0xc588,0
0x1f9f,0
0xc7c5,1
0xcf5e,0
0xc3b2,1
0x88c8,0
0x1c884,0
0x18758,-1
0xdc7c,0
0x2520a,0
0xe4cd,1
0x1980d,0
0x22837,0
0x12128,0
0x23a68,1
0x2121,0
0x19a0f,0
0x117a4,-1
0x1d69e,0
0x8c76,0
0x1106d,-1
0x22f28,0
0x2472d,0
0x17e41,0
0x6a34,-1
0x124da,-1
0x777b,1
0x291a,1
0x19816,0
0x1d61d,0
0x38e7,1
0xec78,0
0x1a385,0
0x602c,0
0x7c94,0
0x1d1e2,0
0x9ffc,1
0x1c6f2,0
0xd850,0
0x24775,0
0x20b32,-1
0x18799,0
0x4d7b,0
0x3bff,-1
0x16b8c,0
0x50fa,0
0x1bdda,0
0x1bb91,-1
0x677d,0
0x1b765,1
0x1bbf2,0
0x11dbc,0
0xedf0,0
0x1a212,0
0x182d7,0
0x968b,0
0x18f53,0
0x804b,0
0x22130,0
0x1be89,0
0x2051d,0
0x17acc,1
0x52b7,0
0x14d42,1
0x2175c,0
0x923b,0
0xcac7,0
0xf249,0
0x9e7d,-1
0x16749,-1
0x1fd79,-1
0x21068,0
0x1d0b,-1
0x22236,-1
0x1c28,-1
0x17619,-1
0x10813,0
0xc8a0,0
0x2146f,1
0x1e5c5,1
0x3444,0
0xbb7a,-1
0xcc80,0
0xe13d,1
0x239c3,-1
0x13874,0
0x14aa6,0
0x4b7f,-1
0x21324,-1
0xfac8,1
0x12aa1,1
0x20e5b,-1
0x1fe85,1
0x145c6,-1
0x19cad,0
0xba77,0
0x19970,0
0x10d00,0
0x1d496,-1
0x698b,0
0x14024,0
0x75b2,-1
0xb93e,0
0xc736,1
0x1f7be,-1
0x1fd86,0
0x19cc4,0
0x414a,0
0x133ec,-1
0xf283,0
0x24931,0
0x1a145,-1
0x650f,-1
0x203a9,0
0x15fc6,0
0x14600,0
0x4bfc,-1
0x1aa5a,0
0x14202,-1
0x22657,0
0xff42,-1
0xeb12,0
0x17838,0
0xf348,0
0x16b31,0
0x12109,0
0x218f1,0
0x2e10,-1
0x16f8a,0
0x1445f,0
0x7bd3,0
0xd819,0
0x15707,0
0x20acd,0
0x1f794,-1
0x3381,0
0xfbe4,0
0x2b45,-1
0x1eb59,-1
0x234df,0
0x19939,0
0x89ef,-1
0x1b771,1
0xc211,0
0x170ff,1
0x21ac7,-1
0x93d6,0
0x245e4,0
0x1a39b,0
0x10efc,0
0x5fcd,0
0x11e28,-1
0x252e4,0
0x24494,1
0x1af0c,-1
0xf796,0
0xac0e,0
0x1b712,0
0x12817,0
0x465a,-1
0x42e1,0
0xd3d1,0
0x1ce69,0
0x213d9,-1
0x1bd15,0
0xd1ce,-1
0x1ab7d,-1
0xc0cd,-1
0x19599,0
0x19f5b,0
0xfb6c,0
0xaa82,1
0xb1e2,0
0x10042,-1
0xb4f7,0
0xc1e8,0
0x18edd,0
0x1e8dd,0
0x1fd92,0
0x1621,0
0x4d2e,0
0x15c9a,0
0x2028d,0
0x1f85d,0
0xb268,0
0xd18e,0
0x16d8f,0
0x1bbe2,0
0x24ff7,0
0x7a4d,0
0x6278,-1
0x20983,0
0x13447,0
0x168a6,0
0x1dfa9,0
0x1d5cf,0
0x2084e,0
0xe153,0
0xdf92,0
0x18c79,-1
0x4373,-1
0x2151c,0
0x2237c,-1
0x12199,0
0x11016,0
0x1b60,0
0x14150,0
0x21d4e,0
0x1829c,0
0x2333d,0
0xebd5,0
0x6a26,-1
0x1a9fc,0
0x14d51,0
0x20d6d,0
0x7a7b,0
0xf80f,0
0x1660e,0
0x12efc,0
0x13cd2,1
0x19764,0
0x16fdf,1
0x932a,-1
0x34bd,0
0xc2ff,0
0x1980c,0
0x31d0,0
0x2235,0
0xfbf4,-1
0xb323,0
0x184bc,0
0x9f5f,0
0x20c03,-1
0x98ab,0
0x210fd,-1
0x6217,-1
0x111b3,1
0x1712f,0
0xf44d,0
0x883f,0
0x1e8d0,0
0x564c,0
0x1fcf5,0
0x25f08,0
0x14626,0
0x2ce3,-1
0x2978,0
0xaeba,0
0x1f72,0
0x991f,0
0x35e6,0
0x1c1ce,1
0x13427,0
0x25418,0
0x136dc,1
0xbce4,0
0x84bf,0
0x2dde,0
0xa843,0
0x1ede6,0
0xdbee,1
0x21e6e,1
0x68f5,0
0xcacf,0
0x16817,0
0x1914c,0
0xe563,0
0x1f4c1,-1
0x206b7,1
0xb4fc,0
0x250a0,-1
0x1d927,0
0xae0b,0
0x2291f,0
0xbbf7,0
0x8296,1
0x1cfba,0
0x22789,0
0x13087,0
0x151aa,0
0x1bff6,0
0x2307b,-1
0x766e,1
0xacff,-1
0x12d8c,-1
0x5ccc,0
0xf366,0
0x1c84e,0
0x30cb,0
0x1fa1a,0
0x20a98,0
0xc683,0
0xa0a0,0
0x1217e,0
0x25998,0
0x1961b,1
0x21d3e,0
0xf1df,0
0x768c,0
0xde24,0
0x18768,1
0x22f9f,0
0x1ff4c,-1
0xf013,0
0xc69c,0
0x84d9,0
0x1c065,0
0x1718e,0
0x1f5eb,0
0x17811,0
0x18646,-1
0x1647a,1
0x1ae4a,0
0x6d0e,0
0x10fbc,0
0x1aca,0
0xf286,0
0x1eff8,0
0xd57e,0
0x13127,0
0x1eeb6,0
0x41be,0
0x1e09b,0
0xeef4,0
0x16eec,-1
0x1923b,0
0x22ff9,0
0x10aff,-1
0xafd5,0
0x1a603,0
0x23b65,0
0x94c9,0
0x17b36,0
0x21c22,0
0xfe35,-1
0x1290a,0
0x202c9,0
0x17c3b,-1
0x9121,0
0x2444b,-1
0xa876,1
0x21d1b,1
0x6fd3,0
0x1e0de,0
0x2236f,-1
0x75fc,-1
0x14c9f,0
0xe1bb,0
0x22bc7,-1
0x445e,-1
0x18051,-1
0x12938,0
0xec7d,0
0xc106,0
0x3f8b,0
0x487e,0
0x1d3e8,-1
0x1914a,0
0xfbcd,-1
0x9440,0
0x1e80e,-1
0x1752b,-1
0x1df76,0
0xfe0f,0
0x9dfe,0
0xf552,0
0x1abf9,0
0x17e4b,0
0x8f63,0
0x415e,0
0x19d1,0
0x25ea2,-1
0x23e68,0
0x981b,0
0x9606,0
0x16285,0
0x1c68d,0
0x3d1f,-1
0x6039,0
0x220ab,0
0xe544,0
0x173b6,0
0x14183,0
0x184d0,0
0x14d68,0
0x133b6,0
0x1066e,0
0x175eb,1
0x6cd2,0
0x14992,0
0x22428,0
0x16b76,0
0xd1ca,-1
0x6a88,0
0xe869,0
0x209e,0
0x5ba3,0
0x23caa,1
0x4c35,-1
0x89ee,-1
0x19d0,0
0x130c8,0
0x7a33,0
0x1dd75,0
0x3c45,0
0x12619,0
0x16fec,-1
0x77e5,0
0x90ae,0
0xce9c,0
0x194db,0
0x1283b,0
0x224a8,0
0xebab,-1
0x18c75,0
0x5d09,0
0xde8e,0
0x2081a,-1
0x5d20,-1
0x19969,0
0x14a69,0
0x13830,0
0x1b00a,0
0x117c0,0
0x1de4f,0
0x94bd,1
0xf92f,0
0x24788,0
0x140dd,0
0x15966,0
0x21c31,0
0x8360,0
0x20cc4,-1
0x1c42e,-1
0x1fb75,0
0x1332b,0
0x21c6d,0
0x1c7f2,0
0x11d80,0
0xf854,-1
0x155b8,0
0x8541,0
0x8177,0
0x205d4,0
0x164c4,-1
0x608a,0
0x24ef5,0
0x7f8a,0
0x21b33,-1
0x1c724,0
0x1d214,0
0x24ce4,0
0x13ae2,0
0x3591,-1
0x1ec73,0
0x234a9,-1
0x25627,0
0x857c,0
0x12f82,1
0x11b89,0
0x1620d,0
0x1e8e4,0
0x2881,0
0x4ab5,0
0x3619,0
0x20f5f,0
0x8c95,0
0x1d76,0
0x1e72c,1
0x1d55a,-1
0x153b2,0
0x3c53,-1
0x5811,0
0x1d679,0
0x1ba9f,0
0x71b5,0
0x3e23,-1
0x22d95,0
0x7026,0
0x3dc5,0
0xd5be,-1
0x159f1,0
0x213a7,0
0x1d2b6,0
0x3713,1
0x67a0,-1
0x179b7,0
0xcae0,0
0x6d03,-1
0x1bc20,0
0x7242,-1
0xca87,-1
0x1d6c3,0
0x2341,0
0x6382,0
0x2dc0,-1
0x23c03,0
0x16418,0
0x18714,1
0x29fb,-1
0x1fbb2,-1
0xa1b7,0
0x219ec,0
0x25037,-1
0xe542,0
0xb437,0
0x8f9d,0
0x3bbe,-1
0x6bfd,-1
0x23d4e,-1
0x10494,0
0x24949,-1
0x1762e,0
0x2f93,-1
0x1748,0
0xce8e,0
0xa3f5,0
0x3c73,0
0x13273,0
0x1cfd0,0
0x1e111,0
0x42a7,0
0x1cbd5,0
0x1c058,-1
0x1723e,0
0xe7a4,-1
0x233e9,0
0x7d63,0
0x1adf1,-1
0xf774,0
0x9c8a,0
0x1fbde,0
0x7a87,-1
0x1b9c7,-1
0x1a054,-1
0x895f,0
0x1c58e,1
0x33be,0
0x80d8,1
0x1d96e,0
0x21ad5,0
0x5400,0
0x1d5bb,0
0x8207,-1
0xd99e,0
0x20d50,1
0x17f05,0
0x16692,-1
0x1d431,1
0x15871,0
0xa749,0
0x19321,0
0x25b2c,0
0x4362,0
0x20438,-1
0x7dd6,0
0x21cec,0
0x1cfb9,0
0x1ca04,0
0xe573,0
0xc714,0
0x25158,0
0x8a68,0
0x19d0f,0
0x11e7c,0
0x60e1,0
0x1e45a,-1
0x4008,-1
0x14d5a,-1
0xf1d5,0
0x13ea6,1
0x20377,-1
0x1c5a9,0
0x14408,0
0x77c4,-1
0x1a479,0
0x866c,0
0x24142,0
0x19006,-1
0xd87e,-1
0x15a39,0
0x21d2b,0
0x17161,-1
0x24496,1
0x68e6,0
0x229d5,0
0x1a75e,0
0x165cd,0
0x539f,0
0x721e,0
0x14286,0
0x368d,0
0x11f64,0
0x19aac,0
0x22297,0
0x1e9a5,0
0x24a68,-1
0x1b75,0
0xc000,1
0x20dbc,-1
0x1c3d2,0
0x1a7d7,-1
0x18f96,1
0x16fba,0
0xd8de,-1
0x1c5a4,0
0x16242,0
0x2d08,0
0x1fa40,0
0x20033,-1
0xabef,0
0x2595a,-1
0x18193,0
0x20393,0
0x1965d,0
0x1e49f,0
0x4bf8,-1
0x22a1a,0
0x1aab0,0
0x25bf9,0
0x13914,0
0xa992,0
0x12b3f,1
0x61b1,0
0xab84,0
0x4ce6,0
0x19bec,0
0x12a80,0
0x251a8,0
0x234a6,-1
0xee93,-1
0x77b7,1
0x14269,0
0xc7d3,1
0xe8ce,0
0x24ccb,0
0x2284e,-1
0x161b7,0
0xc36b,-1
0x240ca,0
0xa6e9,-1
0x15fa2,0
0x7487,-1
0x1ef8d,1
0x67e9,0
0xdf72,0
0x25b72,0
0x14cdb,-1
0xed82,-1
0x4590,0
0xe810,0
0x17865,0
0x125cd,-1
0x1fb9d,0
0x1cb84,-1
0xf504,0
0x20e35,0
0x18a7a,1
0x104a8,0
0x1c28f,0
0x1cdcd,1
0x20f33,0
0x2686,1
0x440e,0
0x5287,0
0x2385d,0
0xd1cc,0
0x3a7f,0
0x13bb1,1
0x2234c,0
0x17601,-1
0x4a04,-1
0x1175b,0
0x12643,0
0xbc61,0
0x135c0,1
0x251db,0
0x210d5,0
0x5250,0
0xd869,0
0x1446b,-1
0x47b8,-1
0x23bed,-1
0x2d15,0
0x2046c,0
0x250ad,0
0x1b87d,0
0x169f5,0
0x15ca9,-1
0x25f5,0
0x2f40,0
0xac68,-1
0xd3b1,-1
0x6b25,0
0x166b7,0
0x1635d,0
0x22d0c,0
0x434c,0
0x1ac0d,0
0xc745,0
0x1a130,0
0x10988,-1
0x1a09e,0
0x186c7,0
0x21441,1
0x138e0,0
0x7843,1
0x2448,0
0x20d8e,0
0x103c8,0
0xc7b1,0
0x9069,0
0x1b8c1,-1
0xa844,0
0x95e8,0
0x221dc,0
0x1397d,1
0x4db5,0
0x20fe4,1
0x9318,0
0xb12e,0
0x53a9,1
0x1a550,-1
0x18dab,0
0x3c14,-1
0x165e3,-1
0x13a62,-1
0x120f0,-1
0xcbc5,0
0x3f00,0
0x1ee33,0
0xa6b0,0
0x171bf,0
0x22941,0
0xff8d,0
0xb185,0
0xf2fe,0
0x242ac,1
0x231de,-1
0x2a07,0
0x701c,-1
0x1be3c,0
0x21d80,0
0x1d646,0
0x1854d,-1
0x155a1,-1
0x15b1c,-1
0xfceb,0
0x186d9,0
0x1c87e,0
0x6136,0
0x19a31,-1
0x10597,0
0xa30e,0
0x188f,0
0x1b158,0
0x1bf0c,1
0x7816,0
0x224ce,0
0x1b654,0
0x1b516,-1
0x2214,0
0x14691,-1
0x801c,0
0xefc3,0
0xe294,1
0x247e0,0
0x22ee1,0
0x7573,0
0x225a6,0
0xd4e5,1
0x1b9f0,0
0x1843,-1
0x176d7,0
0x13727,0
0x5d47,0
0x2395,0
0x24366,-1
0x21aec,0
0xbf58,0
0x132c1,0
0x21b3,0
0x24ac8,0
0x66cc,0
0x9942,0
0x17d0c,0
0x2400d,0
0x16efb,-1
0x10074,0
0x1e4d0,1
0xa9ff,0
0x1f195,-1
0x15af2,-1
0x1d61,0
0x7506,0
0x12d5d,0
0x1e3ca,0
0x5f87,0
0x1bb0c,0
0x15421,-1
0x5917,0
0x1484d,0
0xe75b,0
0x9577,-1
0x12dc4,0
0x1b6f0,-1
0x25fce,1
0xc696,0
0x1cca0,-1
0x1727a,1
0xb34c,0
0x8c7c,0
0x2091a,-1
0x175fe,-1
0xff5e,0
0xae1f,0
0x2205b,-1
0x1bbe5,-1
0x1b0bf,0
0xe3cd,0
0x43c7,-1
0x1dbff,1
0x5a97,1
0x545f,-1
0xf0af,0
0x5ff2,0
0x1bff1,0
0x155d9,0
0xe9bf,0
0x1b93d,1
0x1b1ad,-1
0x19806,0
0x526f,0
0x58ec,0
0x897c,-1
0x25249,-1
0x14e36,1
0x32d1,0
0x1d3e3,-1
0xc6eb,0
0x1e295,0
0x9be5,-1
0x1c132,-1
0x20fa9,-1
0x15aad,0
0x1a08f,0
0x1d0f2,0
0xed99,0
0x15d9e,0
0x12f73,1
0x1de72,0
0x49c8,-1
0x160e8,-1
0x412e,0
0x15f37,0
0x24090,0
0x244f2,-1
0x1f6e7,1
0x1b54b,0
0x20208,0
0x10c41,0
0xc1bc,-1
0x7f14,0
0x18811,0
0x2327,-1
0x1a797,0
0xbc52,0
0x17f10,0
0x2436c,-1
0x1aab1,0
0x734d,0
0x1a242,-1
0x15817,0
0x1ad7e,0
0x38ad,0
0xfe16,1
0x183e4,0
0x4369,0
0xd807,0
0x12165,1
0x241d2,0
0x90e1,-1
0x1614d,0
0x633d,0
0x22a0a,0
0x683e,0
0x10eec,-1
0x1beb5,-1
0x2411a,0
0x1b3ed,0
0xb9b4,0
0x1629d,1
0x258ae,0
0xc3ef,1
0x1704d,-1
0xbf05,0
0x249d3,0
0x15c76,0
0x1e443,0
0x187ad,0
0x7632,-1
0x22066,0
0x1526a,0
0x128c2,-1
0x249ec,0
0x19d9c,0
0x60fb,0
0x154bd,-1
0x14b4b,0
0x660c,-1
0x14265,0
0xadcd,0
0x158d9,0
0x218b2,0
0x1e30b,1
0x1c037,0
0xf0f6,-1
0x8f9e,0
0x16517,0
0x1c099,0
0x1be4d,0
0x19eb4,-1
0x4058,0
0x1e750,0
0xa3a3,0
0x15d58,1
0x19844,0
0x1314c,1
0x1e60c,-1
0x1b51b,-1
0x43c4,0
0x11e0f,0
0x3abc,1
0x14d3c,0
0x128cd,0
0x11f34,0
0x1e4c2,0
0x1eebe,-1
0xed9c,-1
0xd884,0
0x31e1,0
0xb49c,0
0xe78b,1
0x1d8ec,0
0x155e7,0
0x1d3bf,0
0xae6b,0
0x11fb6,-1
0x1e502,0
0xbe05,0
0x22e72,0
0x5f29,0
0xf231,1
0x1fd85,0
0x17594,-1
0x15085,-1
0x15a97,0
0x1f5e0,0
0x21ddb,1
0x64e6,-1
0x1a220,-1
0x258c0,0
0x16671,0
0x127ed,0
0xa0c4,0
0x1c818,0
0x1155a,-1
0x4ca5,-1
0x15c9d,0
0x17ff5,0
0x1f94e,-1
0x2474b,0
0x1452b,1
0x167cf,0
0x24d1f,0
0x1a497,0
0x239fe,-1
0x1a10,-1
0x138a8,0
0x23c4,0
0x10123,-1
0xd90e,0
0xd3d5,0
0x24bbf,-1
0xdabe,-1
0x2147e,0
0x10d11,0
0xba53,-1
0x2085c,0
0x10986,0
0x18390,0
0x246d8,0
0xdbb2,-1
0xd165,0
0x76ec,-1
0x16705,0
0x23721,0
0x677e,0
0x22a41,0
0x25809,0
0x2fce,0
0x1a0a6,-1
0x23544,-1
0x15c67,0
0x24e02,0
0x22eba,0
0xb73d,-1
0x24259,0
0x104a6,0
0x20a91,0
0x174c,0
0x4c7c,0
0x101c0,1
0x1ac7a,0
0xe790,0
0x3f85,-1
0x21ecf,0
0x13632,-1
0x245d1,-1
0x1d62f,0
0x6aa4,-1
0x1a66c,-1
0xc03c,1
0xbb62,0
0x16c35,0
0x1cd16,-1
0x127bc,0
0x25d41,0
0x11f1a,0
0xd605,0
0x3170,0
0x11dd9,0
0x17a55,1
0x8844,0
0x198a6,0
0xf08c,1
0x1d845,1
0x13008,0
0x3cd7,-1
0x1fde5,0
0x1ecfc,0
0x18128,0
0x1c75f,0
0x1ceec,0
0x217ea,0
0x2c0a,0
0x24ad3,-1
0x22a01,0
0x869b,0
0x10ab6,0
0x193c8,0
0xc89f,0
0x1946b,0
0x1ec5b,0
0x2295d,0
0xecc3,0
0x1c59d,-1
0x68d0,0
0xc2a7,0
0x1dcce,0
0xde22,-1
0x16e2c,0
0x7988,1
0xdc71,-1
0x12164,1
0x5964,-1
0x254dc,-1
0xb455,0
0x425f,0
0x20ffa,0
0x1979b,-1
0x4fc9,0
0xb3ff,0
0x132d8,-1
0x1b93c,1
0xee96,-1
0x8502,-1
0x5f23,0
0x209a0,-1
0x8297,0
0x21dc4,1
0x5361,0
0x1f2b0,0
0x23611,0
0x9350,0
0x1f51,0
0xf32d,1
0x12bfa,0
0x10b8d,0
0x1212b,0
0x7760,0
0xd521,0
0x5eeb,0
0x20b96,0
0xdf87,-1
0x15c5b,0
0x4f92,0
0xe6e4,1
0xc625,0
0x186a9,0
0x1850a,-1
0x2273f,-1
0xcabd,0
0x1e0e4,0
0x7ec7,-1
0x1fc1e,1
0x6037,0
0x1fd5e,-1
0xb298,0
0x18526,0
0x14e10,0
0x20616,0
0x1404d,0
0xede3,0
0x2365,0
0x116b7,0
0x12df8,0
0x18e46,0
0x17d07,0
0x2a23,1
0x189d9,0
0x16877,-1
0x17451,-1
0x843c,0
0xc954,0
0x913e,1
0x2589,0
0x21805,0
0x252c8,0
0x1e031,0
0x21d3,0
0x12792,0
0x4d25,0
0x17409,0
0x2255a,0
0x179ce,0
0x17db,0
0x1b354,0
0x21990,0
0x2085a,0
0x1689b,-1
0x82c2,0
0x1fd93,0
0xe532,-1
0x1e77e,0
0x17ac1,0
0x23521,0
0xc2d1,-1
0xb99f,0
0x79bd,1
0xd94c,-1
0x9cb5,1
0xadc2,0
0x166de,0
0x16f2a,0
0xbb51,0
0x12b1c,0
0x8e68,0
0x21857,0
0x248a6,-1
0x4681,-1
0xf2aa,-1
0x12a68,0
0x13f33,0
0xb19a,0
0x3707,0
0x5143,0
0x1e060,-1
0x1b916,0
0xf7f5,0
0x13ee2,-1
0xddaa,-1
0x1e24d,0
0x206f2,0
0x12181,0
0x1154e,0
0x10bfb,-1
0x1627f,-1
0x8a18,0
0xe541,0
0x1448a,0
0x1e1ae,-1
0x4f38,0
0x205c6,-1
0x80a0,0
0x1e63b,0
0xc848,0
0xe986,0
0x22f41,0
0x1ec17,0
0xe454,-1
0x1a53f,0
0x1cd1,1
0x123e1,0
0x5677,0
0x1afdc,0
0xacc6,-1
0x10e0d,-1
0xe451,0
0x1acc4,0
0x17107,0
0xdfd1,0
0x20d22,1
0x6ecc,0
0x14238,0
0xb030,0
0x1c913,-1
0xe64c,0
0xea25,0
0x1214b,-1
0x12350,0
0x8262,0
0x413d,-1
0xb6a6,0
0x1380d,0
0x9797,-1
0x6555,0
0x9563,-1
0x1dfee,0
0xd4e7,1
0x8958,0
0x14c0f,0
0x19787,-1
0xe7a2,-1
0x7274,0
0x4ee1,0
0x84ee,1
0x3a04,0
0xd208,0
0x9d4a,0
0x1cd9b,-1
0xf0b3,1
0x81f6,0
0xfb03,-1
0x11479,-1
0x23329,-1
0x20245,0
0xd20b,0
0x20c22,0
0x22524,0
0x11394,-1
0x19fdd,1
0x21246,0
0x1fbe3,0
0x6229,0
0x90b0,0
0xe91c,0
0x22a0b,0
0x824e,0
0x20fc5,0
0x16582,-1
0xdd0f,0
0x13050,0
0x146dd,0
0x65cf,1
0xd6a5,-1
0xef0a,0
0x72fb,1
0x1aacd,-1
0xc05d,0
0x12abd,0
0x224e,0
0x65a6,0
0xee41,0
0x14212,1
0x1e2d1,-1
0x1d024,0
0x23f1a,-1
0x25902,0
0x1ac2e,0
0x20799,-1
0x1d83,-1
0x18f5f,0
0x173bf,0
0xeca6,0
0x225bd,-1
0x97c9,0
0x845d,0
0x1ec09,0
0x1989d,0
0x4080,0
0x15953,0
0x17f6d,0
0x12e26,0
0x1def,0
0x7f50,0
0x106d3,0
0x1cf9e,1
0x22fe,0
0x176e5,0
0x20cf3,-1
0x18c80,0
0x117b3,0
0x16b23,1
0xb926,-1
0x977c,0
0x1f206,0
0xb34d,0
0x12529,0
0x16b25,0
0x223bc,1
0x1d178,0
0xa7ac,0
0xc067,0
0x10a1b,1
0x92a8,0
0x1b0af,1
0x1bf7,1
0x1b66d,0
0xd962,0
0x1a9cc,1
0xbbbd,-1
0xb30b,-1
0x10b19,1
0x16f0e,0
0x2301b,-1
0x17c31,0
0x1ced,-1
0xa524,0
0x1ce5c,0
0x7971,0
0xbb57,0
0x12fe0,-1
0x1ff08,0
0x3cf9,0
0xe5bd,-1
0x18c60,0
0x1a24a,0
0x1ce47,0
0x16851,0
0x2294a,0
0x1af30,0
0xca74,-1
0x16d87,0
0x22487,0
0x14475,0
0x23a22,-1
0xf65b,0
0xd16a,0
0x12be3,-1
0x25eed,0
0x1c3c6,0
0x1fe6c,0
0x10c72,-1
0x24084,0
0x2558d,1
0x127dc,-1
0x1fc7f,0
0x10d83,0
0xc71f,-1
0x2b0f,0
0x1d27,1
0x1f28f,0
0x1e86f,0
0x19e08,-1
0x21762,-1
0x1ed70,0
0x2244b,0
0x1938a,1
0xeef6,1
0x771b,-1
0x21675,0
0xb752,0
0x21563,-1
0x17f5e,1
0x1e59a,0
0xe6e8,1
0x8d77,0
0x1a5d3,0
0x8cf4,0
0xfc48,0
0x21d73,0
0x1ce0b,0
0x1ce74,1
0x205ba,0
0x20cc,0
0x10848,0
0x1e2e,0
0x11b09,-1
0x1a01c,0
0x1a00,-1
0xe049,0
0x672b,0
0x16929,0
0x10003,-1
0x1f64e,0
0xb30e,-1
0x1f027,0
0x175ed,1
0x16491,0
0x1bfbd,0
0x73b6,0
0x527d,0
0x3b82,0
0x18b9e,1
0x2460,-1
0x1ccb9,-1
0x17fc4,0
0xdf97,0
0x99cc,0
0x5836,0
0x13913,0
0x1d0be,1
0x236cc,-1
0x253e7,0
0x11657,-1
0x13b99,-1
0xca88,-1
0x7898,0
0x1143d,0
0x244e9,0
0x22e5c,0
0x1bbf4,0
0x232f6,0
0x17604,0
0x1b9cd,0
0xab09,-1
0x14e67,0
0x19869,1
0x20755,0
0xe03f,0
0x226cf,0
0x226d4,0
0x21cd4,0
0x1882e,1
0x1d0c0,0
0x6342,1
0x22c94,0
0x1e0e0,0
0x11b4b,0
0x234bf,-1
0xb536,0
0x1a23,0
0x9dc3,0
0x12068,-1
0x6e05,1
0x2264b,0
0xb986,0
0xc7b6,0
0xe348,0
0x19087,0
0x9b6b,0
0x20749,0
0x1007f,0
0x24709,0
0x1a437,0
0x6277,-1
0x101aa,0
0x49c3,-1
0x161d8,-1
0x1b0a4,0
0x1ce8b,0
0x258d9,-1
0x21729,0
0x4e2e,-1
0x32d9,0
0x12da0,0
0x270b,0
0x4e61,-1
0x138bb,0
0x724e,0
0x1006f,0
0x34b1,0
0xc469,-1
0x8917,0
0x20286,0
0x1763d,0
0x157a2,0
0x2062f,0
0x1295b,0
0x1b3af,-1
0xf16f,-1
0xe49b,0
0x21f23,0
0x12197,1
0x155e5,0
0x11f8f,-1
0x24429,0
0x17259,0
0x22e9,1
0x23a50,0
0x161b2,0
0x7950,-1
0xd650,-1
0x18969,-1
0x9d2d,-1
0x19c71,1
0x2481b,0
0xcc3b,0
0xab44,0
0x18f39,-1
0x15b48,-1
0x23f3a,0
0x11a16,-1
0x104bf,-1
0x1c27f,0
0x11154,0
0x1dc64,-1
0x1d7cc,0
0x3f53,0
0x5881,-1
0xfa11,-1
0x63df,0
0x342b,-1
0xc3a4,0
0x1154b,0
0x2509f,0
0xef87,0
0x75de,0
0x17671,0
0x109aa,0
0x11f03,0
0x1d053,0
0x1e7cf,0
0xaeb4,0
0x88dc,0
0x13422,0
0x23ed3,0
0x1ec5e,-1
0x1f4f3,-1
0x1f6e1,0
0xef31,0
0xea79,0
0x11d9c,-1
0xdc1c,0
0x8a69,1
0x22394,0
0x1c392,0
0xf4e7,0
0xa5eb,0
0x6c77,-1
0x74d9,1
0x1059b,-1
0x119ad,0
0x23bbb,-1
0x15137,0
0x132f8,-1
0xf9f8,0
0x47b2,0
0x13815,0
0x12407,-1
0xe24e,0
0x981c,0
0x178ec,-1
0xcd39,-1
0x41b9,0
0xb4a2,0
0x377f,1
0x1d0c1,0
0xfbbe,0
0x13b8b,0
0x1925b,0
0x6a13,0
0x16e6b,0
0x2d80,1
0x7f13,0
0x17700,0
0x21d40,0
0x22853,-1
0x1217c,0
0xdd78,0
0x1eb1,0
0xeb7a,0
0x225ea,-1
0xa550,-1
0x1c3ae,0
0xaae9,0
0x25711,1
0xf3c6,0
0x354a,0
0x11ef4,1
0x20e03,0
0x1f152,0
0x1a622,0
0x7645,0
0xc41e,0
0x6fbb,0
0x11649,1
0x4bca,0
0x848b,-1
0x18264,0
0x1cbf6,0
0x8510,0
0x1b23f,0
0x6937,0
0x19882,-1
0x190f9,0
0x23f55,0
0x1ff93,0
0x2228b,0
0x1610,0
0x162bc,0
0x1da1e,1
0x1a7cd,-1
0x16911,0
0x3528,0
0x1c285,0
0x14864,0
0x184e7,1
0x1459f,-1
0x1f4f5,0
0x208e0,0
0x10006,-1
0x14a2e,0
0x17f40,0
0x1fd9f,0
0x1eee2,1
0x15938,1
0x89e6,0
0x1dfd1,-1
0x1b43f,-1
0x63bf,0
0x506f,0
0x2013b,0
0x184c2,0
0x2404f,0
0x20490,0
0x581a,0
0x24db7,0
0xe45b,0
0x11ded,0
0x82f7,0
0x19c40,0
0x5a4e,0
0xe539,-1
0x5772,0
0x22bc,-1
0x5902,0
0x24f07,-1
0x21e05,-1
0x70cf,0
0x1e77f,0
0x24947,0
0x1aa4e,0
0x25b21,0
0x117d3,-1
0x21530,-1
0x1f94a,0
0x8777,0
0x7dc2,1
0x222c0,0
0x2473e,0
0x24daa,-1
0x7f5a,-1
0xf743,0
0x956b,0
0x572b,-1
0x1131c,0
0x18e91,0
0x6e0d,-1
0xfc09,0
0x46f8,-1
0x182d8,-1
0x1924f,0
0x98c3,-1
0x17cb9,0
0x251f0,0
0x1fde4,0
0x1c94,-1
0x22e18,0
0x16c04,0
0xb595,0
0x76b0,1
0x7123,1
0x21652,0
0x20e38,-1
0x192ec,0
0x14d53,0
0x2be6,0
0xc409,0
0x6b9c,0
0x16839,0
0x1b174,0
0x128d0,-1
0x1bb16,0
0x13d59,0
0x13d29,0
0x134f3,-1
0x18354,0
0x94b8,0
0x14a14,0
0xf108,0
0x1a5ed,0
0xe665,0
0x2045a,0
0x20144,-1
0x2b4c,-1
0x73b0,0
0x1b096,0
0xcabc,-1
0x2532,0
0x1df3e,0
0x7de4,0
0x1f79e,1
0x6b54,0
0x1c158,0
0xc15b,1
0x8242,-1
0x17d75,-1
0x1ab7b,0
0x23b92,0
0x1baed,0
0x10248,-1
0x2da6,-1
0x15af9,0
0x19b90,0
0x10568,0
0x123a7,0
0x18885,0
0x2144,-1
0x1a59,0
0x122e2,0
0x3258,0
0x5c19,0
0xb02f,0
0x25b8b,0
0x24e4a,1
0x25a22,-1
0x1bc8e,0
0x19bc6,0
0x21151,0
0x1a155,0
0x1ce97,-1
0x1ef21,-1
0xefc5,0
0x1b458,-1
0x91bb,-1
0x25a03,0
0xf54c,-1
0x251fa,0
0x1f3f2,0
0x41c0,0
0x1945e,0
0x15bb5,0
0x6c38,0
0x75ae,-1
0x3eac,-1
0xfb40,0
0x1308d,0
0x25441,0
0x46b8,0
0x666d,0
0x16b1e,-1
0x11f3d,0
0xa902,0
0x82de,0
0x130a2,0
0x1367c,0
0x8dd9,-1
0x174e5,0
0x47e8,0
0x1c23d,0
0x256f7,0
0x110a1,0
0xa94b,0
0xec6a,0
0x19430,-1
0xc607,0
0x24279,0
0xcde7,0
0x2514,0
0x2ab2,0
0x1f6a2,0
0x13566,0
0x8a52,0
0x115a2,1
0x1c8a,0
0x13788,0
0x43ea,0
0x36ca,-1
0x18997,1
0xf012,0
0x2090a,0
0xf4bc,0
0x23fb9,1
0x1c3d3,0
0x40dd,-1
0x246a4,0
0x1e65c,0
0x9f81,0
0x3add,0
0x1b5e,0
0x102b4,0
0x1a58b,0
0x1789,0
0x12888,-1
0x1698,-1
0x71b3,-1
0x102f7,0
0x25a9f,0
0x1f4ff,0
0x431a,-1
0xd56d,0
0x63de,-1
0x8ee6,0
0x149e4,0
0x1f493,1
0x137d8,-1
0x96b3,-1
0x1a0e6,0
0xf8c2,0
0x12d93,-1
0x20f46,0
0x1287c,0
0x88eb,0
0x1cf64,0
0x10282,0
0x3012,0
0x14990,0
0x1df58,0
0x3348,-1
0x16aca,-1
0x1aaeb,0
0x656e,0
0x6abc,0
0xf126,0
0x386d,0
0xd073,-1
0xe1ed,0
0x18607,0
0x13b72,0
0x1a406,1
0xaa83,0
0x1e76f,0
0x24555,1
0x1a26,-1
0xd696,0
0xc637,0
0x4e79,1
0x12586,0
0x22f7,0
0x1f607,0
0x1afb6,-1
0x1dc5f,0
0x15613,0
0x1769e,-1
0x4401,0
0x15a69,0
0x8ec3,0
0x4a77,0
0x23a45,0
0x1817f,0
0x1922a,0
0xbde4,-1
0x4b21,-1
0x1d395,0
0x21162,0
0x9f6c,0
0xa2ec,0
0x1fe13,0
0xb4ca,0
0x2f24,-1
0xd1a8,0
0x1a811,0
0x21fe5,0
0x15f30,1
0xbeed,0
0x1a40d,0
0x1c31f,1
0x162ae,1
0x3c91,0
0x1e3ef,0
0x242dc,0
0x790e,0
0x80e4,0
0x13c50,0
0x39bf,0
0x1a00d,-1
0x1be00,0
0x23b32,0
0x21255,0
0xa67a,0
0x1cf4b,0
0x46c5,0
0x25696,0
0x1f1b9,1
0x13449,0
0x1101a,-1
0x10d32,0
0x15fb0,0
0x11922,0
0x10d54,0
0x14f9e,0
0x79b7,1
0xf51a,0
0x1362b,0
0x5f34,0
0x25855,-1
0x1ccbc,-1
0x116a8,-1
0xd10c,0
0xd098,0
0x1b33b,0
0x1cebd,0
0x1974a,0
0x211e9,0
0x20b36,-1
0x24bcd,0
0x16a56,0
0x1fff9,-1
0x483b,0
0x13817,0
0x13e31,0
0xd176,0
0x8cc4,0
0x3b76,0
0x1cd95,-1
0x233d6,0
0x6967,-1
0xb532,0
0x9b0e,0
0x15b40,0
0x193ec,0
0xa602,0
0x1391e,0
0x604e,-1
0x162de,0
0x1f5f6,0
0x1cc81,0
0x693c,-1
0xc969,0
0xba7f,0
0x21985,0
0x12bda,-1
0x6ef3,-1
0x5bbb,-1
0x13837,0
0xd551,0
0xe2a5,0
0x1c94e,-1
0x1b6a,1
0x42b4,1
0x168af,0
0xa7cc,0
0x82ab,0
0x1382c,0
0x15da2,0
0x1ec2b,0
0x10c43,0
0x1cbbb,1
0x1a69a,-1
0x218a6,0
0x98dc,0
0xf4ed,1
0x714d,0
0x1c2a4,-1
0x440b,0
0x4521,0
0x11989,0
0x8807,0
0x1d1c8,0
0x218b4,-1
0x12a62,0
0x20f62,0
0xaf05,1
0x1a14f,-1
0xda28,0
0xf112,0
0x21799,0
0x13a79,1
0x1f392,0
0x1d35e,0
0x9b22,0
0x1f14b,0
0x1b5f1,0
0xa836,0
0x7883,-1
0x122ca,0
0xa632,0
0x10ddd,0
0xa381,-1
0x5406,1
0x24e3,0
0x2547b,0
0x9fe0,-1
0x2111e,0
0xc0d6,0
0x1d922,0
0x8143,-1
0x147d6,0
0x25284,1
0x23fc,0
0x10723,-1
0x1cf42,1
0x12608,0
0x113fa,0
0x684c,-1
0x1f705,0
0x7642,0
0x1d5de,-1
0x1488d,-1
0x19620,0
0x5b1c,0
0x62b9,0
0x1b894,-1
0x2fbe,-1
0x1b278,1
0x14e14,1
0x9b9a,0
0x20328,0
0x11953,0
0x988f,0
0x8ccc,1
0x62fb,0
0x3f3a,0
0x1f525,0
0x1b07,0
0x21528,0
0x17f71,1
0x1ea41,-1
0x12ed9,0
0x9549,0
0x18d15,0
0x1316d,-1
0x3156,0
0x5fd1,0
0x4485,0
0x21da5,0
0x7329,1
0x31ac,0
0x1ac4a,0
0x21e32,0
0xece6,-1
0x23160,-1
0x2213b,-1
0x41a6,-1
0x17db5,0
0x6c2b,0
0x1ee60,0
0x1eb57,0
0xa76d,0
0x1d29,1
0x1b98b,-1
0xa357,-1
0x824d,0
0x22cf2,0
0x13ee4,0
0x16f7c,0
0x1e06d,0
0x4aa0,0
0x13d85,0
0x22154,0
0x5ffd,0
0x25963,-1
0x62a0,0
0x18e2,0
0x7ca2,-1
0x23a00,-1
0x15e28,-1
0x2481a,0
0xd6dc,0
0x2977,0
0x175c7,0
0x3ee5,0
0x15b4d,0
0x15f47,-1
0x1c2c1,0
0x22914,0
0x24c45,-1
0x1b86d,0
0xbf00,0
0xcc18,-1
0x16bea,0
0x241e1,0
0x19627,0
0xcaa5,1
0x13ad0,-1
0xdcd5,1
0xa0b8,0
0x6f52,0
0x1505f,0
0xb781,0
0x2934,-1
0x16a2,-1
0x1034e,0
0x13cf9,0
0x11161,0
0x14d77,-1
0xc8e9,0
0x1b7da,0
0x84fc,-1
0xb543,0
0x16f0f,0
0x25b82,-1
0x1a0be,0
0x1ae67,0
0x15bb9,0
0xf771,0
0x24d12,0
0x2986,0
0x23f59,0
0x16b82,0
0xf2f4,0
0x14243,1
0x14c87,-1
0x1b58e,0
0x5a77,0
0x17b2b,0
0xe34a,0
0x168d5,0
0x204ae,0
0x910f,-1
0x191b5,-1
0x15ca2,0
0x14ab3,0
0x1c9dd,-1
0x24015,-1
0xbeeb,0
0x1c2ed,0
0x1c1f,0
0xe293,0
0x1446c,-1
0x152db,0
0x23c47,0
0x3c80,0
0x1a5ab,0
0x2562,0
0xc05e,-1
0x1e32c,-1
0x1d2c4,0
0x1fd7c,-1
0x1df2e,0
0x1820d,0
0x21069,0
0x8dd6,-1
0x43cf,0
0x1f35b,0
0x1f5a3,0
0x4913,0
0x1079e,0
0x5b72,0
0x1721d,0
0x1cb98,0
0x162e4,-1
0x177e1,1
0x9554,0
0x202d4,-1
0xe7ba,-1
0x3e86,-1
0x25f56,0
0x1286f,0
0x1fa93,0
0x928f,0
0x16380,0
0xa69f,0
0x146a0,-1
0x1bf2a,0
0x24ca8,0
0x4276,0
0x864c,0
0x20b06,0
0x6c46,0
0x24601,0
0x1b89f,0
0x1a9a,0
0x1e07f,0
0xdc04,0
0x264a,0
0x1c506,0
0xdcb8,0
0x2144a,0
0xe383,0
0x1a19d,0
0x3888,0
0x1247d,0
0xe7d4,0
0x107b5,0
0xfdd2,1
0x187db,0
0x25ca1,0
0xb5df,1
0xf906,0
0x20538,0
0x296d,0
0x1eb31,0
0x36de,0
0x2f9e,0
0x22332,1
0xd218,0
0x2223b,-1
0x13c64,-1
0x6c2c,1
0x7a3d,1
0x3109,-1
0x18f8b,0
0xe12d,0
0x8575,0
0x1cb36,0
0x21137,0
0xfd0e,0
0x13368,0
0x1607e,0
0x18f0a,0
0x1ff04,0
0x23384,1
0x664e,1
0xf2f1,0
0x222a8,-1
0x25a65,0
0x25b2b,-1
0x1897,0
0x1255f,1
0x13cf7,0
0x1d6b7,0
0x100b1,0
0x13b00,0
0x21fbc,-1
0x19dee,0
0x23d1,1
0x5870,0
0xdbd6,0
0x17755,0
0x19eb0,0
0x202a1,-1
0x6049,1
0x20b4d,-1
0x1c1b5,-1
0x15aba,0
0x182c0,-1
0x22bf9,0
0x99df,-1
0x1d47,0
0x90bc,1
0x253a2,0
0x1b531,-1
0x23d96,0
0x1de4e,0
0x133fe,0
0x118ba,-1
0xcaff,0
0x1479c,0
0x1f0a3,0
0x12756,0
0x30f6,0
0xb361,0
0x157b0,0
0x23d8d,0
0x20295,0
0x2f6a,-1
0x1c157,0
0x1c699,0
0x189c7,-1
0xc385,0
0x25b79,0
0x20af6,-1
0x110cb,0
0x1cc99,1
0x243b2,-1
0x2e73,0
0x216af,0
0x1533c,0
0x23773,-1
0x174cc,-1
0xe2f4,0
0x23e86,0
0x16c2c,-1
0xbda2,0
0x9a8a,0
0x1176b,0
0xb9b6,-1
0xc3c1,1
0x4d3e,0
0x2aa7,0
0x15470,-1
0x1be90,0
0x18c6b,0
0x164ce,0
0x9aac,0
0x25d2e,-1
0x89bf,0
0x933a,0
0x107ca,0
0x203d6,0
0x12c8e,0
0x10849,0
0x1686,1
0x2345e,0
0x9aba,-1
0x16c20,0
0x8eb9,1
0x2684,0
0x18f8e,0
0x138d5,0
0x37f2,0
0x23400,-1
0x1a42a,0
0xf396,1
0x16430,-1
0x4c62,0
0x177be,0
0xceb4,1
0x23076,-1
0xaab9,1
0x16158,0
0x1bd5d,-1
0x20d74,0
0x3e3e,0
0x338d,0
0x1920,0
0x1953a,0
0x87b0,0
0x1f740,-1
0xd959,-1
0x11466,-1
0x22dce,-1
0x8011,0
0xf10f,0
0x22462,1
0x4b16,-1
0x16461,-1
0x6758,0
0x126fb,0
0x10644,0
0xda77,-1
0x38c4,0
0x155ee,0
0x451f,-1
0x366c,0
0x4cc7,0
0x116cb,0
0x18f81,0
0xaca2,0
0x5965,0
0x76b8,1
0xc2ee,0
0x188aa,-1
0x14f64,1
0x153f6,0
0xb177,0
0xf4b8,0
0x1f89b,1
0x244ff,0
0x1bf01,0
0x242ff,0
0x1a5e9,0
0x7a3e,1
0x6df4,-1
0x7a83,0
0x1b5fb,0
0x70a1,0
0x2457a,-1
0x785f,-1
0x24321,-1
0xa951,0
0xd305,-1
0x1e996,0
0x1de38,1
0x25f03,0
0x20889,0
0x250b7,0
0x17054,0
0x1e29a,0
0x18a8a,0
0x24c21,0
0x16005,0
0x23289,0
0xf7e7,1
0x2198d,0
0xbb0e,-1
0x17df6,0
0x5e95,0
0xf436,1
0x14aba,-1
0x1d09d,-1
0x23670,0
0x1c1c3,0
0x1975f,0
0x10086,0
0x16245,0
0x1115d,0
0xb6e8,0
0xb1e4,1
0x235f8,0
0x1b29c,1
0x1673f,0
0x22fb0,0
0x1c66f,1
0xfa0f,-1
0xd0b7,0
0x6260,0
0x19b9a,0
0x258fb,0
0x22e19,-1
0x18950,-1
0xe21c,0
0x15e0d,0
0x7b5c,-1
0xe2c6,0
0xa1e3,0
0x144c9,0
0x2339d,0
0x4b01,1
0x1e7fe,0
0x9eb8,0
0x6f4e,-1
0x701e,0
0x13839,0
0x173d0,-1
0x9e49,0
0xd2cb,0
0x1788b,0
0x67a5,0
0xda65,0
0x225bf,0
0x22df3,0
0x1aae4,-1
0x16d31,0
0xe445,0
0x4704,0
0x1f7a6,0
0x13a84,0
0x198e4,-1
0x1c088,0
0xac66,0
0xbc30,0
0x1a6b6,0
0x134e6,1
0x1d52b,-1
0x4d9f,0
0x9669,1
0x142eb,1
0x44fe,0
0xe6f1,0
0xbc2e,0
0x4823,-1
0x1623a,0
0x2122,0
0x16d4d,0
0x1f4da,0
0x1d4f7,0
0x1a44f,0
0x7574,0
0x96df,0
0xf139,0
0x24fde,0
0x10993,1
0x9ac6,0
0x16549,0
0x1a563,0
0xfc1f,0
0x14328,0
0x713d,-1
0x1cd11,0
0xa013,0
0x10cf2,-1
0x2442a,0
0x1ba1c,0
0xfc08,0
0x20090,0
0x2289,-1
0x2591b,0
0x9229,0
0xc92e,0
0x10b06,0
0x39b4,0
0x1f26,-1
0x93c8,0
0x1e2b4,1
0x122ad,0
0x7c86,0
0x4e5f,0
0x12ccb,-1
0x291b,1
0x5064,0
0x9b26,0
0xad77,0
0xffa4,0
0x14a75,0
0x13a6d,-1
0xd20c,0
0x216e0,0
0x1022f,0
0x1785a,-1
0x1d300,0
0x1ffa1,0
0x1f191,-1
0xa434,0
0xe281,-1
0xfd07,0
0x4825,0
0x1aaae,0
0xeec6,-1
0x21a11,0
0xe032,0
0x8cbf,0
0x1a1e1,0
0x11f57,0
0x15aec,0
0x1d4b,-1
0x23b67,0
0xba46,-1
0x1b405,0
0xd71b,1
0x104ad,0
0x1b8d7,0
0x8dd7,-1
0x1d520,-1
0xa4aa,0
0x1476d,1
0x19178,0
0xa8ea,0
0xe0cd,0
0x2161f,-1
0xc14e,0
0xa3ed,0
0x1c488,-1
0x144b4,-1
0x878a,0
0x2125,0
0x6607,-1
0x1c245,0
0xfe94,0
0x742e,0
0x1b7f9,0
0x1c694,1
0x53e5,0
0x218b6,-1
0x64cf,0
0x2205d,0
0x1ec36,0
0x1a87f,0
0x1904f,1
0x16a40,0
0xaeb5,0
0x2079d,-1
0x1449d,0
0x1112e,0
0x5c77,0
0x228b0,0
0x212c,0
0x22224,0
0x19ae9,1
0x1294f,0
0x8cf5,0
0x4830,0
0x9d50,0
0x6f0d,0
0x9ff9,1
0x9f9a,0
0x1cc35,0
0xfd20,1
0xb574,-1
0x507c,0
0x172c6,-1
0x49b6,0
0x19397,0
0xd658,-1
0x1be33,0
0x2172a,0
0x6427,0
0xd702,0
0x1691a,0
0x1e4f4,0
0xac14,0
0x112aa,0
0x24916,0
0x1b47d,0
0x20b1e,-1
0x177c6,1
0x18fa5,0
0x1020b,0
0x1b1ab,0
0x22771,0
0x21bc2,1
0x16fa2,-1
0x23b58,1
0x145c8,-1
0x29fe,-1
0x6690,0
0x7066,0
0xf036,-1
0x17ff1,-1
0x1fd87,0
0x1c051,0
0x234d2,0
0x1d958,0
0x13770,-1
0x1a360,-1
0x13ddc,0
0x4039,-1
0xea85,0
0x8ffb,0
0x22124,0
0x1497b,0
0x190ab,-1
0x8e07,-1
0x1f3f,0
0x8c58,-1
0x8c27,-1
0x18c73,0
0x1fc68,0
0xd41b,0
0x1dc62,0
0x2325a,0
0x2504e,-1
0xd04f,0
0xd4b7,1
0x2d07,0
0xd5eb,0
0x149aa,0
0x49c2,-1
0x21289,-1
0x1c6de,0
0x16ad7,0
0x24d5c,0
0x77d6,0
0x231f9,1
0x5d5d,-1
0x19891,0
0x1e5a1,0
0x25e12,0
0x1a70,0
0x36f0,0
0x1f193,-1
0xe34c,0
0x1db4e,0
0x1fe80,0
0x229f,0
0x40c6,-1
0x20842,0
0x7cc7,-1
0x1b342,0
0x1c37c,0
0x191a1,0
0x7626,-1
0xba00,0
0x204ca,-1
0x126ca,0
0x10a3d,0
0x3b6d,0
0xc6d7,0
0xf61f,0
0x97b0,1
0x1d9f3,0
0x1db03,-1
0x45ec,0
0x128ef,0
0x7fa0,0
0x14026,0
0xa9b6,0
0xf2e4,0
0x84b2,0
0xa3da,0
0x1dd49,0
0xa609,0
0x1730d,0
0x206a7,-1
0x629d,1
0x1cc7a,0
0x1e89d,-1
0x17c54,0
0x36c0,0
0x1adbc,-1
0x1fa9a,0
0x18199,-1
0x1e5a7,-1
0x1bdad,-1
0x7e98,0
0x1ccf4,0
0x2b7f,0
0x5534,0
0x9466,0
0x146f2,0
0x23b81,0
0x8dd4,-1
0x1eb29,-1
0xc25e,0
0x3073,0
0x3682,0
0xe190,-1
0x14738,-1
0x240e2,0
0x10bcd,0
0x1532f,0
0x203a0,-1
0x1bbc,0
0x14c49,1
0x2aa2,0
0x17d9b,0
0x25e3c,0
0xe839,0
0x2fb7,0
0x139c8,0
0x254d9,0
0xebba,-1
0x8f22,0
0x151a4,-1
0x737a,0
0x19183,0
0x30d2,0
0x452a,0
0x17b0f,0
0x3bb7,1
0x22dcb,0
0x7caa,-1
0x1a370,0
0x58e9,-1
0x2cc0,0
0x12fd4,0
0x21eff,0
0x1daa7,0
0x1562a,0
0x1f31a,0
0x11296,0
0x20ef8,0
0xeb1e,0
0x3a32,0
0xe664,0
0xd91f,1
0x190f4,0
0x1b834,-1
0xb0d1,-1
0x3e76,-1
0x1fbd3,0
0x10b3d,0
0x20b42,0
0x1dd61,0
0x152c2,1
0x2163c,-1
0x23da6,-1
0x1801f,0
0x13d2f,-1
0x10f4c,0
0x18abd,-1
0xcdb6,0
0x1cf74,0
0xc497,0
0x4495,-1
0x7267,-1
0x12fb0,-1
0x13e49,0
0x1aa9,-1
0x216bf,0
0x25ba6,1
0x1c5f8,0
0xb54f,0
0x1b345,-1
0xba5f,-1
0xa6a4,0
0x9d0f,0
0x23657,-1
0x2760,0
0x25f02,0
0x17365,0
0x1ec61,0
0x15de1,0
0x17cb2,0
0x2369e,0
0x1cb82,0
0x20625,0
0x9c96,0
0x24c85,0
0x1fbb,0
0xf6ee,0
0xb5c3,1
0xa277,0
0x21e95,1
0x18ee4,-1
0x5076,0
0x8478,1
0x20a54,0
0x211de,0
0x1e0cc,0
0x6a6e,-1
0x699b,1
0x16575,-1
0x23a67,0
0x1a6d0,0
0xe952,0
0x9bad,0
0xb687,0
0x14ae5,0
0x1fd32,-1
0x20de0,0
0xeacb,-1
0x1322d,0
0x3ac4,0
0x80ab,0
0x10a00,0
0x96f0,-1
0x2d78,0
0x25457,-1
0x1910d,1
0x1bc85,-1
0x7d9e,0
0x1bbe9,-1
0xd92b,-1
0x21b3c,-1
0x2f3e,0
0x1b26f,0
0x1df93,0
0x66ed,0
0x190ed,0
0xbb94,0
0x1f26d,0
0xd231,0
0x2381e,0
0x418f,0
0x1440d,0
0x18290,0
0x22458,0
0x21edc,0
0x13cea,0
0x582c,0
0x8843,0
0x1094a,0
0x14bf3,0
0x13bc9,-1
0x125d7,0
0x14b2d,0
0x9b3c,0
0x13bbe,0
0x1befe,0
0xd85e,1
0x1b481,0
0x18d8c,0
0x1d9bf,0
0x1fb20,0
0x1b9b0,0
0x164da,0
0x1190c,1
0x159af,0
0x1a72b,0
0x24774,0
0xec57,0
0x20361,0
0x23737,0
0x1c096,1
0x249d6,1
0x1cbed,0
0x2028c,0
0x24526,0
0xe1f9,0
0x130a5,0
0x15c98,0
0xdebf,1
0x1439d,0
0x24bd7,0
0x9a56,0
0x84a3,0
0x19d9f,-1
0x22702,0
0x16928,0
0x1866d,0
0x15f98,0
0x20d15,0
0x130c5,0
0xf5cc,0
0x25a5e,0
0x1a21c,0
0x223a2,0
0x12922,-1
0x10c08,-1
0x18bd7,-1
0xfeb3,0
0x25884,0
0xd868,-1
0x74fc,0
0xcbc4,0
0xc7e9,0
0x2276d,0
0xf6a4,-1
0x23ece,1
0x1051e,0
0xed1e,0
0x6661,0
0xcad5,-1
0x98dd,0
0xb72c,-1
0x11a98,0
0x62e2,-1
0x2196c,0
0x4249,0
0x11d8a,0
0x12606,0
0x9d5a,0
0x1f49a,0
0x24884,0
0x16470,0
0x1e6a3,0
0x22e8d,0
0xa337,0
0xfa8d,0
0x1dc3b,0
0x23978,-1
0x7032,-1
0x19057,0
0x14237,0
0x1e016,-1
0x1295a,0
0x1af1,-1
0x18786,0
0xd093,-1
0x22ce7,0
0x204b5,0
0x22d78,-1
0x77b3,1
0x1472a,0
0x70f9,0
0x5dd4,-1
0x11ad9,0
0x23116,-1
0x3d7a,0
0x56cc,0
0x14a3c,0
0x25af5,0
0x9de7,-1
0x641c,0
0x11275,0
0x25039,-1
0x18fb0,0
0x11629,0
0x6075,0
0x2390,0
0xdc5a,0
0x1ff5b,-1
0x21949,0
0x4576,0
0x696a,-1
0x193e,-1
0xfe24,1
0xb9e6,-1
0x25411,-1
0x1a8af,0
0x1dc2f,0
0x2355c,0
0x22c5,-1
0x16338,0
0x18b3a,0
0x18dec,1
0x43d1,0
0x1f6fe,-1
0xc87c,0
0xf4ba,0
0x20ca0,0
0x9532,-1
0x18bee,0
0x7568,0
0xe6bf,0
0x1b4e6,0
0x72a4,0
0x1b9eb,0
0x12c0c,0
0x149b4,0
0x1dea5,0
0x15642,1
0x1b26b,0
0xb3b6,0
0xa07e,0
0x323e,0
0x21da1,0
0x12805,-1
0xb836,-1
0x12c9b,-1
0x21433,0
0xabeb,0
0x21774,0
0x25735,0
0x21f9c,0
0x22c99,0
0x11112,0
0xd1c3,0
0x1facb,-1
0xe318,0
0x1402e,-1
0x173f4,0
0x67ab,0
0x8e15,0
0x1ceb0,0
0x1abac,0
0xd2ed,0
0x21914,1
0x1637a,0
0x1f320,-1
0x82b9,-1
0xb035,0
0x161fe,-1
0x1fb0d,-1
0xfc7f,0
0x19e19,0
0x24624,1
0x25c1a,0
0x1a99b,0
0x25c9e,0
0x4ea7,0
0x4d3b,0
0xb049,0
0x229b8,0
0x10314,0
0x21890,1
0x15680,0
0x183d9,-1
0x9286,0
0x2e1c,0
0x23ca9,1
0x15ae1,0
0x248aa,0
0x1d5c7,0
0x24f17,0
0x1b0d,0
0x637e,-1
0x212a1,0
0x152f4,0
0x17c77,0
0x20ec4,1
0x9efb,0
0x111ca,0
0x9ad4,0
0x1c509,0
0x1fb5a,0
0x11ea3,0
0x1274e,0
0x1cfad,0
0x383a,0
0xbf1c,0
0xd309,-1
0x16bc1,0
